-- MySQL dump 10.13  Distrib 8.0.40, for macos14 (x86_64)
--
-- Host: localhost    Database: agence
-- ------------------------------------------------------
-- Server version	9.1.0

/*!40101 SET @OLD_CHARACTER_SET_CLIENT=@@CHARACTER_SET_CLIENT */;
/*!40101 SET @OLD_CHARACTER_SET_RESULTS=@@CHARACTER_SET_RESULTS */;
/*!40101 SET @OLD_COLLATION_CONNECTION=@@COLLATION_CONNECTION */;
/*!50503 SET NAMES utf8 */;
/*!40103 SET @OLD_TIME_ZONE=@@TIME_ZONE */;
/*!40103 SET TIME_ZONE='+00:00' */;
/*!40014 SET @OLD_UNIQUE_CHECKS=@@UNIQUE_CHECKS, UNIQUE_CHECKS=0 */;
/*!40014 SET @OLD_FOREIGN_KEY_CHECKS=@@FOREIGN_KEY_CHECKS, FOREIGN_KEY_CHECKS=0 */;
/*!40101 SET @OLD_SQL_MODE=@@SQL_MODE, SQL_MODE='NO_AUTO_VALUE_ON_ZERO' */;
/*!40111 SET @OLD_SQL_NOTES=@@SQL_NOTES, SQL_NOTES=0 */;

--
-- Table structure for table `client`
--

DROP TABLE IF EXISTS `client`;
/*!40101 SET @saved_cs_client     = @@character_set_client */;
/*!50503 SET character_set_client = utf8mb4 */;
CREATE TABLE `client` (
  `ID_client` int NOT NULL,
  `Nom_client` varchar(100) DEFAULT NULL,
  `Age_client` int DEFAULT NULL,
  `Sexe_client` varchar(5) DEFAULT NULL,
  `Localisation_client` varchar(100) DEFAULT NULL,
  `Type_client` varchar(11) DEFAULT NULL,
  `Niveau_de_fidelite` varchar(7) DEFAULT NULL,
  `Statut_de_reservation` varchar(10) DEFAULT NULL,
  `Satisfaction_client` int DEFAULT NULL,
  PRIMARY KEY (`ID_client`)
) ENGINE=InnoDB DEFAULT CHARSET=utf8mb4 COLLATE=utf8mb4_0900_ai_ci;
/*!40101 SET character_set_client = @saved_cs_client */;

--
-- Dumping data for table `client`
--

LOCK TABLES `client` WRITE;
/*!40000 ALTER TABLE `client` DISABLE KEYS */;
INSERT INTO `client` VALUES (101,'Sofia Belkacem',46,'M','Tizi Ouzou','Particulier','Argent','Confirmée',7),(102,'Fatima Meziane',53,'M','Alger','Particulier','Bronze','Annulée',6),(103,'Hind Belkacem',43,'M','Tizi Ouzou','VIP','Or','Annulée',9),(104,'Karim Khalfi',41,'M','Constantine','Entreprise','Bronze','En attente',8),(105,'Nadia Abdi',51,'F','Annaba','Groupe','Platine','Modifiée',4),(106,'Fatima Azzouz',41,'M','Annaba','Groupe','Or','Annulée',3),(107,'Imane Meziane',56,'M','Annaba','Groupe','Platine','En attente',7),(108,'Youssef Moulin',42,'M','Biskra','VIP','Bronze','Annulée',5),(109,'Sami Kamel',41,'F','Oran','VIP','Bronze','En attente',8),(110,'Hind Ferhat',23,'M','Constantine','VIP','Argent','Confirmée',1),(111,'Walid Saidani',39,'F','Setif','VIP','Or','Annulée',9),(112,'Sofia Benali',45,'F','Batna','Particulier','Platine','Modifiée',1),(113,'Khaled Belkacem',27,'F','Blida','Entreprise','Argent','Modifiée',1),(114,'Mounir Hamidi',53,'M','Batna','Agence','Or','Confirmée',6),(115,'Meriem Bouchareb',53,'M','Setif','Particulier','Platine','Modifiée',3),(116,'Nadia Fekir',27,'F','Tizi Ouzou','VIP','Platine','En attente',8),(117,'Farida Benali',45,'F','Oran','Particulier','Argent','En attente',9),(118,'Ali Benali',43,'M','Batna','Particulier','Platine','En attente',9),(119,'Imane Haddad',24,'M','Alger','VIP','Platine','Confirmée',2),(120,'Mohamed Mansouri',19,'F','Biskra','Particulier','Platine','Confirmée',5),(121,'Samir Boualem',37,'F','Bejaia','VIP','Platine','En attente',1),(122,'Mounir Saidani',41,'M','Tizi Ouzou','VIP','Platine','Annulée',3),(123,'Ahmed Khalfi',23,'F','Setif','Agence','Or','En attente',10),(124,'Fatima Guerfi',36,'F','Biskra','Agence','Bronze','En attente',7),(125,'Leila Mokrani',49,'M','Alger','VIP','Platine','Annulée',3),(126,'Dounia Abdi',48,'F','Biskra','VIP','Bronze','Annulée',4),(127,'Meriem Moussaoui',33,'M','Constantine','Entreprise','Bronze','Modifiée',2),(128,'Rachid Haddad',32,'F','Blida','Groupe','Bronze','Confirmée',6),(129,'Amina Toumi',53,'F','Constantine','Agence','Platine','En attente',4),(130,'Walid Abdi',43,'F','Setif','VIP','Bronze','Confirmée',3),(131,'Sami Benamar',20,'F','Annaba','Agence','Platine','Annulée',4),(132,'Omar Abdi',48,'M','Tizi Ouzou','Particulier','Bronze','Modifiée',5),(133,'Farida Moulin',58,'M','Blida','Entreprise','Platine','Annulée',1),(134,'Fatima Saidani',37,'M','Blida','Entreprise','Bronze','En attente',1),(135,'Zahra Benzema',49,'M','Oran','Agence','Bronze','Annulée',6),(136,'Hassan Hachemi',55,'F','Oran','Particulier','Or','En attente',3),(137,'Dounia Benzema',46,'F','Bejaia','Agence','Bronze','Modifiée',5),(138,'Ali Mokrani',18,'F','Blida','VIP','Argent','Annulée',1),(139,'Walid Mouhoub',47,'F','Constantine','Groupe','Platine','Annulée',9),(140,'Nassim Haddad',31,'M','Constantine','VIP','Platine','Modifiée',8),(141,'Amina Benali',21,'M','Alger','Entreprise','Bronze','En attente',1),(142,'Nadia Saidani',47,'M','Blida','Groupe','Argent','Modifiée',2),(143,'Nassim Benzema',23,'M','Annaba','Agence','Argent','Annulée',9),(144,'Walid Hachemi',55,'F','Batna','Groupe','Bronze','En attente',8),(145,'Farida Guerfi',47,'F','Tizi Ouzou','Entreprise','Or','Confirmée',8),(146,'Leila Toumi',33,'M','Blida','Entreprise','Argent','Confirmée',10),(147,'Zahra Toumi',39,'F','Biskra','Particulier','Bronze','Annulée',3),(148,'Mohamed Boualem',26,'F','Bejaia','Particulier','Bronze','En attente',9),(149,'Ahmed Oukil',56,'M','Bejaia','Particulier','Platine','Modifiée',4),(150,'Amina Toumi',33,'F','Oran','Groupe','Or','Annulée',8),(151,'Meriem Bouchareb',51,'F','Setif','Particulier','Platine','En attente',10),(152,'Samir Moulin',28,'F','Batna','Particulier','Bronze','Modifiée',4),(153,'Ines Belkacem',53,'M','Constantine','Particulier','Argent','Modifiée',10),(154,'Mohamed Mansouri',46,'F','Constantine','Groupe','Argent','Annulée',8),(155,'Walid Benamar',43,'M','Oran','Entreprise','Argent','Modifiée',1),(156,'Amine Benzema',26,'M','Blida','Entreprise','Bronze','Modifiée',10),(157,'Hassan Benzema',44,'F','Alger','Particulier','Platine','Modifiée',6),(158,'Hind Cherif',48,'M','Setif','Groupe','Or','Confirmée',4),(159,'Hassan Khalfi',55,'F','Alger','Agence','Bronze','Modifiée',4),(160,'Nadia Benzema',27,'M','Setif','Agence','Bronze','En attente',10),(161,'Khaled Belkacem',27,'F','Bejaia','Entreprise','Bronze','Annulée',7),(162,'Sami Meziane',30,'F','Bejaia','Entreprise','Or','Modifiée',3),(163,'Omar Haddad',27,'F','Tizi Ouzou','Entreprise','Argent','Modifiée',6),(164,'Hassan Kamel',20,'M','Constantine','Agence','Bronze','En attente',3),(165,'Nadia Mansouri',34,'F','Annaba','Groupe','Argent','Annulée',5),(166,'Meriem Benzema',34,'F','Tizi Ouzou','Particulier','Argent','Annulée',5),(167,'Farida Fekir',25,'M','Setif','VIP','Bronze','Confirmée',3),(168,'Ines Benamar',30,'F','Bejaia','Entreprise','Argent','En attente',3),(169,'Hind Azzouz',40,'F','Biskra','Entreprise','Or','Modifiée',3),(170,'Sofia Benali',45,'M','Biskra','Groupe','Argent','Modifiée',10),(171,'Walid Azzouz',24,'F','Bejaia','VIP','Bronze','Modifiée',5),(172,'Fatima Azzouz',54,'F','Alger','Agence','Bronze','Confirmée',3),(173,'Hind Bouchareb',56,'M','Alger','Groupe','Argent','En attente',9),(174,'Ali Abdi',20,'F','Annaba','Agence','Platine','Confirmée',9),(175,'Omar Cherif',44,'M','Constantine','VIP','Platine','Modifiée',7),(176,'Nassim Cherif',54,'F','Constantine','Groupe','Argent','Confirmée',9),(177,'Dounia Benali',41,'M','Blida','VIP','Argent','Annulée',7),(178,'Ines Mokrani',45,'M','Bejaia','Particulier','Argent','Annulée',3),(179,'Nadia Ait Ali',29,'M','Annaba','Entreprise','Platine','En attente',4),(180,'Nadia Benzema',29,'F','Setif','VIP','Platine','Confirmée',9),(181,'Leila Oukil',57,'F','Constantine','Entreprise','Or','Modifiée',3),(182,'Samir Meziane',54,'M','Constantine','Agence','Platine','Modifiée',4),(183,'Sami Hamidi',26,'M','Blida','Entreprise','Platine','Modifiée',2),(184,'Ines Haddad',31,'F','Biskra','VIP','Argent','En attente',9),(185,'Khalil Saidani',50,'F','Biskra','VIP','Platine','Modifiée',10),(186,'Hind Mouhoub',18,'F','Constantine','Particulier','Platine','Modifiée',6),(187,'Leila Khalfi',53,'F','Bejaia','Agence','Platine','Annulée',1),(188,'Yasmina Moussaoui',30,'F','Constantine','Particulier','Argent','Annulée',10),(189,'Hassan Meziane',34,'M','Alger','VIP','Argent','Annulée',10),(190,'Fatima Mokrani',20,'M','Blida','VIP','Argent','Confirmée',1),(191,'Nadia Fekir',28,'F','Bejaia','Agence','Argent','En attente',10),(192,'Sofia Benali',34,'M','Biskra','Agence','Platine','En attente',6),(193,'Meriem Guerfi',41,'F','Annaba','Agence','Or','Confirmée',1),(194,'Dounia Chakiri',22,'F','Alger','Groupe','Platine','En attente',2),(195,'Karim Benamar',26,'F','Constantine','Entreprise','Or','Annulée',8),(196,'Amina Meziane',24,'F','Batna','Agence','Platine','En attente',2),(197,'Meriem Ait Ali',30,'F','Annaba','Entreprise','Bronze','Confirmée',1),(198,'Youssef Chakiri',57,'M','Batna','Entreprise','Argent','Confirmée',9),(199,'Nassim Mansouri',23,'F','Constantine','VIP','Platine','Annulée',2),(200,'Imane Belkacem',21,'M','Biskra','Entreprise','Or','En attente',7),(201,'Walid Moussaoui',43,'M','Constantine','Entreprise','Platine','Modifiée',7),(202,'Ahmed Moussaoui',46,'F','Blida','Groupe','Argent','En attente',9),(203,'Dounia Boualem',39,'M','Alger','Entreprise','Platine','En attente',9),(204,'Leila Benali',60,'F','Blida','Agence','Or','En attente',5),(205,'Imane Ferhat',43,'F','Oran','VIP','Argent','En attente',9),(206,'Khaled Ait Ali',41,'F','Bejaia','Agence','Argent','Confirmée',3),(207,'Rachid Zidane',49,'M','Constantine','Entreprise','Argent','Confirmée',8),(208,'Ali Khalfi',23,'M','Alger','Agence','Bronze','Confirmée',9),(209,'Sofia Guerfi',18,'M','Constantine','Particulier','Argent','En attente',1),(210,'Nadia Chakiri',18,'F','Annaba','Groupe','Bronze','En attente',2),(211,'Samir Azzouz',19,'M','Bejaia','VIP','Platine','En attente',7),(212,'Farida Mansouri',23,'F','Setif','Entreprise','Argent','Annulée',7),(213,'Karim Bouchareb',23,'F','Batna','Entreprise','Platine','Modifiée',5),(214,'Mohamed Fekir',18,'F','Constantine','Agence','Platine','Annulée',6),(215,'Leila Benali',38,'F','Setif','VIP','Or','Annulée',6),(216,'Sami Toumi',35,'M','Batna','Groupe','Or','Annulée',9),(217,'Farida Benali',21,'M','Bejaia','Agence','Bronze','Annulée',6),(218,'Nadia Toumi',46,'F','Annaba','VIP','Platine','Confirmée',10),(219,'Ines Khalfi',20,'M','Alger','Particulier','Or','En attente',10),(220,'Walid Haddad',18,'M','Biskra','VIP','Or','Modifiée',4),(221,'Dounia Moussaoui',20,'F','Setif','Agence','Bronze','Annulée',7),(222,'Amine Mouhoub',52,'F','Batna','Entreprise','Argent','En attente',7),(223,'Mohamed Chakiri',23,'M','Biskra','Particulier','Bronze','Modifiée',4),(224,'Leila Ferhat',30,'M','Oran','Particulier','Platine','Annulée',10),(225,'Ines Meziane',45,'F','Setif','Agence','Platine','Confirmée',5),(226,'Ines Fekir',45,'M','Bejaia','VIP','Or','Confirmée',5),(227,'Zahra Guerfi',48,'M','Alger','VIP','Platine','Confirmée',5),(228,'Zahra Mouhoub',21,'F','Annaba','VIP','Platine','En attente',3),(229,'Sofia Cherif',24,'M','Batna','Groupe','Argent','Modifiée',10),(230,'Mohamed Hamidi',32,'M','Alger','Groupe','Argent','Confirmée',7),(231,'Khalil Boualem',58,'F','Bejaia','Groupe','Bronze','Confirmée',1),(232,'Nadia Toumi',58,'F','Tizi Ouzou','VIP','Platine','Annulée',8),(233,'Youssef Cherif',60,'M','Batna','VIP','Or','Modifiée',3),(234,'Fatima Azzouz',37,'M','Batna','Particulier','Or','Confirmée',5),(235,'Ali Haddad',21,'M','Blida','VIP','Bronze','Confirmée',3),(236,'Meriem Ait Ali',34,'F','Batna','VIP','Platine','En attente',7),(237,'Sami Mouhoub',28,'M','Blida','Particulier','Argent','En attente',6),(238,'Fatima Mokrani',47,'F','Bejaia','Agence','Bronze','Confirmée',8),(239,'Samir Azzouz',21,'M','Batna','Entreprise','Or','En attente',10),(240,'Nassim Benali',47,'F','Biskra','Groupe','Platine','Modifiée',10),(241,'Ines Belkacem',59,'M','Batna','Particulier','Or','Confirmée',6),(242,'Sami Hachemi',21,'M','Biskra','Entreprise','Argent','Modifiée',3),(243,'Nadia Benzema',28,'F','Biskra','Groupe','Or','En attente',4),(244,'Khalil Ait Ali',40,'F','Setif','Particulier','Argent','Modifiée',1),(245,'Fatima Haddad',23,'M','Oran','Particulier','Platine','Annulée',3),(246,'Ines Mouhoub',25,'F','Alger','Agence','Bronze','Annulée',4),(247,'Samir Moulin',43,'F','Bejaia','Groupe','Platine','Annulée',2),(248,'Hassan Cherif',20,'M','Constantine','VIP','Or','Annulée',7),(249,'Hind Azzouz',58,'F','Alger','Particulier','Bronze','Modifiée',4),(250,'Amine Ferhat',59,'M','Constantine','Groupe','Or','En attente',1),(251,'Samir Ait Ali',23,'M','Biskra','Agence','Argent','Modifiée',2),(252,'Meriem Benamar',60,'M','Constantine','Particulier','Argent','Confirmée',4),(253,'Farida Oukil',55,'M','Bejaia','Groupe','Argent','Annulée',6),(254,'Ali Moussaoui',45,'M','Setif','VIP','Or','Modifiée',10),(255,'Sofia Khalfi',30,'F','Biskra','Entreprise','Or','Modifiée',6),(256,'Khalil Guerfi',42,'F','Constantine','Groupe','Platine','Modifiée',3),(257,'Mounir Mouhoub',27,'F','Biskra','VIP','Or','Modifiée',5),(258,'Hind Chiraz',47,'M','Blida','Particulier','Platine','Modifiée',7),(259,'Ahmed Moulin',22,'M','Batna','Groupe','Bronze','En attente',7),(260,'Nadia Khalfi',26,'F','Biskra','VIP','Argent','Annulée',6),(261,'Amina Saidani',19,'M','Annaba','Entreprise','Bronze','Modifiée',1),(262,'Imane Moulin',46,'M','Blida','Agence','Bronze','En attente',5),(263,'Fatima Hamidi',45,'F','Annaba','VIP','Or','Annulée',4),(264,'Mounir Cherif',45,'F','Batna','Agence','Platine','Modifiée',5),(265,'Omar Abdi',38,'M','Setif','Agence','Argent','Modifiée',9),(266,'Dounia Benali',60,'M','Constantine','Entreprise','Bronze','Modifiée',10),(267,'Zahra Ait Ali',54,'M','Setif','VIP','Argent','En attente',10),(268,'Samir Benamar',40,'F','Oran','Entreprise','Argent','En attente',9),(269,'Mounir Moulin',45,'M','Batna','Entreprise','Argent','Annulée',5),(270,'Omar Hachemi',33,'M','Setif','Agence','Bronze','Modifiée',5),(271,'Imane Hamidi',32,'F','Biskra','Groupe','Platine','Modifiée',6),(272,'Walid Azzouz',38,'F','Annaba','Groupe','Or','Confirmée',10),(273,'Khalil Mouhoub',32,'F','Batna','VIP','Platine','Modifiée',9),(274,'Walid Ait Ali',26,'M','Bejaia','Particulier','Bronze','En attente',9),(275,'Hassan Zidane',45,'M','Constantine','Particulier','Or','Modifiée',2),(276,'Zahra Belkacem',56,'M','Setif','Groupe','Bronze','En attente',5),(277,'Mohamed Benali',25,'M','Alger','Particulier','Or','Modifiée',9),(278,'Ahmed Chiraz',31,'F','Bejaia','Groupe','Bronze','Confirmée',6),(279,'Karim Guerfi',54,'M','Constantine','VIP','Platine','Annulée',1),(280,'Zahra Ait Ali',59,'F','Batna','Entreprise','Or','Annulée',10),(281,'Samir Belkacem',44,'F','Constantine','Particulier','Or','Confirmée',1),(282,'Leila Hachemi',36,'F','Setif','Particulier','Argent','Modifiée',1),(283,'Farida Ait Ali',30,'M','Batna','Particulier','Bronze','Annulée',10),(284,'Nassim Ait Ali',30,'F','Alger','Agence','Or','Modifiée',5),(285,'Ahmed Abdi',54,'M','Batna','Entreprise','Argent','Modifiée',8),(286,'Dounia Ait Ali',48,'M','Annaba','Agence','Bronze','En attente',2),(287,'Ines Khalfi',37,'F','Batna','VIP','Argent','En attente',2),(288,'Khaled Mansouri',55,'M','Bejaia','Agence','Argent','Modifiée',7),(289,'Karim Mokrani',41,'F','Biskra','Groupe','Bronze','Confirmée',10),(290,'Ahmed Toumi',29,'F','Alger','Particulier','Platine','Modifiée',2),(291,'Hind Ait Ali',38,'F','Annaba','Agence','Argent','Confirmée',1),(292,'Nassim Zidane',38,'M','Alger','Agence','Or','En attente',2),(293,'Khalil Fekir',18,'F','Alger','Entreprise','Argent','En attente',1),(294,'Meriem Azzouz',39,'M','Annaba','Agence','Platine','Modifiée',9),(295,'Yasmina Bouchareb',58,'F','Setif','Agence','Platine','Annulée',1),(296,'Sami Belkacem',23,'F','Constantine','VIP','Or','Confirmée',1),(297,'Omar Cherif',55,'M','Biskra','Groupe','Argent','Annulée',2),(298,'Khaled Oukil',25,'M','Annaba','Agence','Bronze','Annulée',1),(299,'Samir Ait Ali',28,'M','Setif','Groupe','Or','Annulée',8),(300,'Walid Saidani',33,'M','Batna','Agence','Or','En attente',1),(301,'Hassan Haddad',60,'M','Constantine','Particulier','Argent','Annulée',6),(302,'Youssef Ait Ali',59,'M','Biskra','Particulier','Or','Annulée',5),(303,'Khalil Oukil',21,'M','Annaba','Groupe','Platine','Annulée',2),(304,'Mohamed Cherif',31,'M','Oran','VIP','Bronze','Confirmée',6),(305,'Nadia Ait Ali',35,'F','Setif','Agence','Argent','Confirmée',2),(306,'Khaled Chakiri',57,'F','Batna','Agence','Bronze','Confirmée',6),(307,'Mohamed Ait Ali',59,'F','Annaba','Entreprise','Bronze','Annulée',5),(308,'Omar Benzema',21,'F','Batna','Groupe','Platine','Annulée',6),(309,'Omar Chakiri',39,'M','Constantine','Groupe','Argent','En attente',10),(310,'Amine Mokrani',50,'M','Constantine','VIP','Argent','Annulée',6),(311,'Youssef Moulin',50,'F','Annaba','Groupe','Or','Modifiée',9),(312,'Omar Meziane',38,'M','Alger','Particulier','Platine','Modifiée',1),(313,'Ahmed Ait Ali',40,'F','Setif','Agence','Or','En attente',3),(314,'Nassim Oukil',21,'F','Oran','Agence','Bronze','Modifiée',7),(315,'Rachid Mokrani',47,'M','Biskra','Entreprise','Platine','Confirmée',9),(316,'Mohamed Hachemi',50,'F','Biskra','VIP','Argent','Modifiée',7),(317,'Karim Boualem',20,'M','Batna','Particulier','Platine','Modifiée',6),(318,'Mohamed Moussaoui',59,'M','Annaba','Particulier','Bronze','Confirmée',2),(319,'Mohamed Mouhoub',56,'M','Setif','Particulier','Argent','Modifiée',3),(320,'Mounir Saidani',46,'M','Blida','Agence','Bronze','Confirmée',9),(321,'Youssef Moulin',50,'M','Bejaia','VIP','Or','Annulée',9),(322,'Walid Moussaoui',35,'F','Tizi Ouzou','Groupe','Argent','En attente',9),(323,'Yasmina Ait Ali',30,'M','Setif','VIP','Platine','Modifiée',6),(324,'Ines Meziane',35,'F','Annaba','VIP','Platine','En attente',7),(325,'Rachid Mouhoub',60,'M','Tizi Ouzou','Particulier','Argent','Confirmée',1),(326,'Zahra Zidane',56,'M','Tizi Ouzou','Particulier','Bronze','Modifiée',6),(327,'Walid Chiraz',54,'M','Blida','Particulier','Bronze','Modifiée',4),(328,'Zahra Benzema',35,'M','Batna','Particulier','Or','Confirmée',2),(329,'Dounia Ait Ali',45,'F','Blida','Entreprise','Platine','Annulée',3),(330,'Fatima Moussaoui',41,'F','Constantine','Entreprise','Bronze','Confirmée',6),(331,'Ali Meziane',18,'F','Batna','Groupe','Bronze','En attente',4),(332,'Imane Mansouri',35,'M','Constantine','Agence','Or','Confirmée',6),(333,'Sofia Mokrani',50,'M','Oran','Groupe','Bronze','Modifiée',2),(334,'Karim Belkacem',54,'M','Biskra','Groupe','Argent','Annulée',8),(335,'Amina Hamidi',21,'F','Tizi Ouzou','Entreprise','Bronze','Confirmée',1),(336,'Yasmina Saidani',51,'F','Batna','Particulier','Platine','Modifiée',4),(337,'Sami Kamel',36,'F','Blida','Particulier','Bronze','Confirmée',4),(338,'Walid Abdi',55,'F','Bejaia','Particulier','Platine','Confirmée',4),(339,'Yasmina Moulin',20,'M','Biskra','Particulier','Platine','Modifiée',5),(340,'Walid Toumi',25,'F','Alger','Entreprise','Or','Confirmée',6),(341,'Nadia Chakiri',40,'M','Batna','VIP','Argent','Annulée',3),(342,'Ali Zidane',26,'M','Blida','Groupe','Bronze','Modifiée',7),(343,'Hind Kamel',27,'M','Biskra','VIP','Bronze','Confirmée',3),(344,'Farida Zidane',38,'M','Constantine','Particulier','Bronze','Annulée',2),(345,'Hind Cherif',18,'F','Oran','Groupe','Platine','En attente',2),(346,'Walid Belkacem',53,'F','Tizi Ouzou','Entreprise','Argent','Annulée',9),(347,'Youssef Zidane',26,'M','Blida','Particulier','Platine','Modifiée',6),(348,'Rachid Haddad',20,'F','Constantine','Particulier','Argent','Modifiée',1),(349,'Youssef Bouchareb',20,'F','Alger','Agence','Bronze','Confirmée',7),(350,'Meriem Ait Ali',56,'F','Alger','VIP','Argent','Confirmée',3),(351,'Khalil Ferhat',26,'M','Bejaia','Agence','Platine','Confirmée',5),(352,'Yasmina Moulin',31,'M','Setif','VIP','Argent','Annulée',7),(353,'Khaled Fekir',50,'F','Blida','VIP','Argent','Confirmée',8),(354,'Zahra Moussaoui',28,'F','Oran','VIP','Argent','Confirmée',4),(355,'Ahmed Kamel',22,'M','Oran','Entreprise','Argent','Confirmée',8),(356,'Hind Belkacem',31,'M','Biskra','Entreprise','Or','Annulée',10),(357,'Yasmina Mansouri',52,'M','Annaba','Particulier','Platine','Confirmée',5),(358,'Nassim Benzema',33,'F','Bejaia','Groupe','Bronze','Annulée',9),(359,'Omar Hachemi',45,'F','Alger','Entreprise','Platine','Modifiée',5),(360,'Rachid Hachemi',27,'F','Alger','Entreprise','Platine','En attente',4),(361,'Imane Hamidi',19,'M','Constantine','Groupe','Or','En attente',10),(362,'Youssef Khalfi',47,'M','Alger','Entreprise','Bronze','Modifiée',8),(363,'Meriem Mouhoub',45,'M','Tizi Ouzou','Particulier','Platine','En attente',7),(364,'Hassan Benali',21,'M','Constantine','VIP','Or','En attente',6),(365,'Karim Hachemi',57,'F','Tizi Ouzou','Groupe','Bronze','Confirmée',8),(366,'Mohamed Haddad',35,'M','Tizi Ouzou','VIP','Or','Confirmée',8),(367,'Nadia Hachemi',19,'F','Biskra','VIP','Platine','Modifiée',5),(368,'Ali Abdi',52,'M','Setif','Entreprise','Argent','Confirmée',4),(369,'Fatima Chiraz',21,'F','Bejaia','Agence','Platine','Confirmée',9),(370,'Sofia Bouchareb',46,'M','Annaba','Entreprise','Argent','En attente',2),(371,'Youssef Toumi',59,'F','Tizi Ouzou','Agence','Or','En attente',1),(372,'Yasmina Khalfi',54,'M','Bejaia','Groupe','Argent','Confirmée',1),(373,'Khaled Chakiri',29,'M','Bejaia','Entreprise','Bronze','Confirmée',3),(374,'Omar Benzema',43,'M','Setif','Particulier','Bronze','Annulée',9),(375,'Sami Moussaoui',23,'M','Annaba','Particulier','Argent','Confirmée',5),(376,'Nassim Haddad',19,'M','Batna','VIP','Argent','Modifiée',2),(377,'Fatima Oukil',21,'M','Setif','Agence','Bronze','En attente',7),(378,'Ali Benali',59,'M','Oran','Entreprise','Or','Modifiée',9),(379,'Mounir Mouhoub',60,'F','Alger','Entreprise','Bronze','Confirmée',2),(380,'Hind Fekir',33,'M','Batna','Agence','Argent','Confirmée',3),(381,'Mohamed Boualem',43,'M','Setif','VIP','Argent','En attente',3),(382,'Nadia Oukil',34,'F','Tizi Ouzou','Groupe','Bronze','En attente',2),(383,'Sami Fekir',29,'F','Biskra','Particulier','Argent','Modifiée',8),(384,'Ines Zidane',20,'M','Annaba','VIP','Platine','En attente',8),(385,'Nadia Khalfi',49,'F','Batna','Entreprise','Platine','Modifiée',2),(386,'Rachid Benamar',45,'M','Batna','Groupe','Platine','Annulée',5),(387,'Meriem Belkacem',60,'M','Tizi Ouzou','Groupe','Bronze','Confirmée',3),(388,'Sami Azzouz',48,'F','Bejaia','Groupe','Or','Confirmée',1),(389,'Nassim Mokrani',19,'F','Bejaia','Particulier','Argent','Confirmée',9),(390,'Mounir Ferhat',19,'F','Constantine','Particulier','Bronze','En attente',9),(391,'Nadia Oukil',33,'M','Blida','VIP','Bronze','Confirmée',10),(392,'Imane Ferhat',56,'M','Batna','Agence','Platine','Modifiée',2),(393,'Khalil Cherif',26,'M','Tizi Ouzou','Groupe','Or','Modifiée',10),(394,'Walid Zidane',54,'F','Oran','VIP','Or','Modifiée',3),(395,'Dounia Toumi',60,'M','Biskra','Groupe','Platine','En attente',6),(396,'Farida Benzema',40,'F','Alger','Agence','Or','Annulée',3),(397,'Mohamed Kamel',47,'F','Tizi Ouzou','Particulier','Bronze','Confirmée',9),(398,'Imane Saidani',53,'M','Setif','Particulier','Argent','Modifiée',6),(399,'Amine Meziane',42,'F','Biskra','Entreprise','Argent','Modifiée',2),(400,'Amina Meziane',47,'F','Setif','Particulier','Platine','Confirmée',8);
/*!40000 ALTER TABLE `client` ENABLE KEYS */;
UNLOCK TABLES;

--
-- Table structure for table `date`
--

DROP TABLE IF EXISTS `date`;
/*!40101 SET @saved_cs_client     = @@character_set_client */;
/*!50503 SET character_set_client = utf8mb4 */;
CREATE TABLE `date` (
  `ID_date` int NOT NULL,
  `Date_reservation` datetime DEFAULT NULL,
  `Annee_reservation` int DEFAULT NULL,
  `Mois_reservation` int DEFAULT NULL,
  `Jour_semaine_reservation` varchar(8) DEFAULT NULL,
  `Trimestre` int DEFAULT NULL,
  `Saison` varchar(9) DEFAULT NULL,
  PRIMARY KEY (`ID_date`)
) ENGINE=InnoDB DEFAULT CHARSET=utf8mb4 COLLATE=utf8mb4_0900_ai_ci;
/*!40101 SET character_set_client = @saved_cs_client */;

--
-- Dumping data for table `date`
--

LOCK TABLES `date` WRITE;
/*!40000 ALTER TABLE `date` DISABLE KEYS */;
INSERT INTO `date` VALUES (1,'0014-12-11 00:00:00',2024,6,'Lundi',2,'Hiver'),(2,'0020-08-12 00:00:00',2024,2,'Vendredi',1,'Printemps'),(3,'0028-06-11 00:00:00',2024,12,'Jeudi',4,'Été'),(4,'0024-01-10 00:00:00',2024,7,'Mercredi',3,'Hiver'),(5,'0011-04-12 00:00:00',2024,10,'Mardi',4,'Printemps'),(6,'0020-04-11 00:00:00',2024,10,'Mardi',4,'Hiver'),(7,'0008-12-10 00:00:00',2024,6,'Lundi',2,'Été'),(8,'0015-02-10 00:00:00',2024,8,'Mardi',3,'Printemps'),(9,'0012-01-10 00:00:00',2024,7,'Mercredi',3,'Hiver'),(10,'0013-04-11 00:00:00',2024,10,'Lundi',4,'Printemps'),(11,'0034-05-13 00:00:00',2024,11,'Samedi',4,'Printemps'),(12,'0013-08-12 00:00:00',2024,2,'Jeudi',1,'Hiver'),(13,'0024-03-12 00:00:00',2024,9,'Vendredi',3,'Été'),(14,'0021-08-12 00:00:00',2024,2,'Jeudi',1,'Printemps'),(15,'0014-02-10 00:00:00',2024,8,'Lundi',3,'Automne'),(16,'0017-06-11 00:00:00',2024,12,'Mardi',4,'Hiver'),(17,'0030-04-12 00:00:00',2024,10,'Mercredi',4,'Printemps'),(18,'0015-08-13 00:00:00',2024,2,'Vendredi',1,'Automne'),(19,'0019-01-10 00:00:00',2024,7,'Mercredi',3,'Automne'),(20,'0011-04-12 00:00:00',2024,10,'Jeudi',4,'Automne'),(21,'0028-09-09 00:00:00',2024,3,'Vendredi',1,'Automne'),(22,'0031-05-13 00:00:00',2024,11,'Jeudi',4,'Hiver'),(23,'0030-04-12 00:00:00',2024,10,'Dimanche',4,'Automne'),(24,'0024-07-12 00:00:00',2024,1,'Lundi',1,'Automne'),(25,'0021-11-10 00:00:00',2024,5,'Samedi',2,'Automne'),(26,'0019-10-11 00:00:00',2024,4,'Samedi',2,'Printemps'),(27,'0025-03-12 00:00:00',2024,9,'Jeudi',3,'Hiver'),(28,'0014-12-11 00:00:00',2024,6,'Mardi',2,'Été'),(29,'0008-03-12 00:00:00',2024,9,'Jeudi',3,'Été'),(30,'0029-11-10 00:00:00',2024,5,'Mardi',2,'Été'),(31,'0026-05-13 00:00:00',2024,11,'Samedi',4,'Printemps'),(32,'0012-03-12 00:00:00',2024,9,'Dimanche',3,'Été'),(33,'0029-12-11 00:00:00',2024,6,'Vendredi',2,'Hiver'),(34,'0022-07-13 00:00:00',2024,1,'Samedi',1,'Printemps'),(35,'0031-02-10 00:00:00',2024,8,'Dimanche',3,'Été'),(36,'0016-10-10 00:00:00',2024,4,'Dimanche',2,'Printemps'),(37,'0012-02-10 00:00:00',2024,8,'Mardi',3,'Été'),(38,'0033-09-10 00:00:00',2024,3,'Dimanche',1,'Automne'),(39,'0013-08-12 00:00:00',2024,2,'Jeudi',1,'Hiver'),(40,'0013-03-12 00:00:00',2024,9,'Samedi',3,'Printemps'),(41,'0024-06-11 00:00:00',2024,12,'Mercredi',4,'Printemps'),(42,'0030-07-13 00:00:00',2024,1,'Mercredi',1,'Printemps'),(43,'0010-04-12 00:00:00',2024,10,'Mercredi',4,'Été'),(44,'0022-09-10 00:00:00',2024,3,'Vendredi',1,'Automne'),(45,'0007-08-13 00:00:00',2024,2,'Lundi',1,'Printemps'),(46,'0011-10-11 00:00:00',2024,4,'Lundi',2,'Été'),(47,'0015-02-10 00:00:00',2024,8,'Jeudi',3,'Automne'),(48,'0007-01-10 00:00:00',2024,7,'Dimanche',3,'Été'),(49,'0026-01-10 00:00:00',2024,7,'Lundi',3,'Printemps'),(50,'0008-11-09 00:00:00',2024,5,'Samedi',2,'Été'),(51,'0013-03-12 00:00:00',2024,9,'Vendredi',3,'Automne'),(52,'0034-05-13 00:00:00',2024,11,'Dimanche',4,'Automne'),(53,'0022-09-10 00:00:00',2024,3,'Mardi',1,'Printemps'),(54,'0022-02-10 00:00:00',2024,8,'Mardi',3,'Été'),(55,'0017-03-12 00:00:00',2024,9,'Jeudi',3,'Automne'),(56,'0018-05-13 00:00:00',2024,11,'Jeudi',4,'Automne'),(57,'0007-11-10 00:00:00',2024,5,'Mardi',2,'Automne'),(58,'0012-03-12 00:00:00',2024,9,'Mardi',3,'Été'),(59,'0020-02-10 00:00:00',2024,8,'Mercredi',3,'Hiver'),(60,'0024-04-11 00:00:00',2024,10,'Mardi',4,'Été'),(61,'0011-06-12 00:00:00',2024,12,'Mardi',4,'Automne'),(62,'0006-07-13 00:00:00',2024,1,'Jeudi',1,'Automne'),(63,'0022-12-11 00:00:00',2024,6,'Jeudi',2,'Été'),(64,'0015-02-10 00:00:00',2024,8,'Lundi',3,'Printemps'),(65,'0027-08-13 00:00:00',2024,2,'Dimanche',1,'Automne'),(66,'0025-05-12 00:00:00',2024,11,'Vendredi',4,'Automne'),(67,'0033-06-11 00:00:00',2024,12,'Mercredi',4,'Hiver'),(68,'0024-08-12 00:00:00',2024,2,'Dimanche',1,'Hiver'),(69,'0017-09-10 00:00:00',2024,3,'Vendredi',1,'Automne'),(70,'0009-12-11 00:00:00',2024,6,'Mercredi',2,'Automne'),(71,'0032-08-12 00:00:00',2024,2,'Vendredi',1,'Hiver'),(72,'0008-07-12 00:00:00',2024,1,'Samedi',1,'Automne'),(73,'0006-08-13 00:00:00',2024,2,'Lundi',1,'Printemps'),(74,'0024-12-10 00:00:00',2024,6,'Samedi',2,'Automne'),(75,'0027-03-13 00:00:00',2024,9,'Lundi',3,'Automne'),(76,'0008-05-12 00:00:00',2024,11,'Jeudi',4,'Printemps'),(77,'0008-12-10 00:00:00',2024,6,'Vendredi',2,'Hiver'),(78,'0007-03-13 00:00:00',2024,9,'Lundi',3,'Printemps'),(79,'0022-04-12 00:00:00',2024,10,'Dimanche',4,'Été'),(80,'0031-06-12 00:00:00',2024,12,'Mercredi',4,'Automne'),(81,'0020-10-10 00:00:00',2024,4,'Samedi',2,'Automne'),(82,'0030-09-10 00:00:00',2024,3,'Dimanche',1,'Printemps'),(83,'0024-05-12 00:00:00',2024,11,'Mercredi',4,'Printemps'),(84,'0032-10-10 00:00:00',2024,4,'Dimanche',2,'Automne'),(85,'0032-03-12 00:00:00',2024,9,'Vendredi',3,'Automne'),(86,'0028-12-10 00:00:00',2024,6,'Samedi',2,'Été'),(87,'0012-01-10 00:00:00',2024,7,'Mardi',3,'Hiver'),(88,'0020-12-10 00:00:00',2024,6,'Dimanche',2,'Hiver'),(89,'0023-06-12 00:00:00',2024,12,'Jeudi',4,'Hiver'),(90,'0010-07-13 00:00:00',2024,1,'Mercredi',1,'Hiver'),(91,'0030-07-13 00:00:00',2024,1,'Dimanche',1,'Hiver'),(92,'0033-12-11 00:00:00',2024,6,'Samedi',2,'Été'),(93,'0021-10-11 00:00:00',2024,4,'Vendredi',2,'Hiver'),(94,'0021-10-11 00:00:00',2024,4,'Mardi',2,'Printemps'),(95,'0020-04-11 00:00:00',2024,10,'Samedi',4,'Printemps'),(96,'0015-06-12 00:00:00',2024,12,'Mardi',4,'Automne'),(97,'0034-05-13 00:00:00',2024,11,'Mardi',4,'Printemps'),(98,'0027-04-12 00:00:00',2024,10,'Vendredi',4,'Automne'),(99,'0016-04-11 00:00:00',2024,10,'Mercredi',4,'Printemps'),(100,'0034-02-10 00:00:00',2024,8,'Dimanche',3,'Printemps'),(101,'0025-08-12 00:00:00',2024,2,'Lundi',1,'Printemps'),(102,'0033-08-12 00:00:00',2024,2,'Mercredi',1,'Été'),(103,'0028-08-12 00:00:00',2024,2,'Mercredi',1,'Printemps'),(104,'0026-10-11 00:00:00',2024,4,'Jeudi',2,'Printemps'),(105,'0031-08-13 00:00:00',2024,2,'Samedi',1,'Été'),(106,'0020-03-12 00:00:00',2024,9,'Mercredi',3,'Automne'),(107,'0029-11-10 00:00:00',2024,5,'Jeudi',2,'Automne'),(108,'0024-07-12 00:00:00',2024,1,'Dimanche',1,'Printemps'),(109,'0024-05-12 00:00:00',2024,11,'Mercredi',4,'Printemps'),(110,'0032-08-12 00:00:00',2024,2,'Lundi',1,'Hiver'),(111,'0023-07-13 00:00:00',2024,1,'Lundi',1,'Automne'),(112,'0022-07-13 00:00:00',2024,1,'Vendredi',1,'Hiver'),(113,'0026-03-13 00:00:00',2024,9,'Mardi',3,'Été'),(114,'0006-10-11 00:00:00',2024,4,'Dimanche',2,'Printemps'),(115,'0022-04-12 00:00:00',2024,10,'Mardi',4,'Hiver'),(116,'0015-07-13 00:00:00',2024,1,'Jeudi',1,'Automne'),(117,'0010-11-10 00:00:00',2024,5,'Samedi',2,'Hiver'),(118,'0031-08-13 00:00:00',2024,2,'Jeudi',1,'Printemps'),(119,'0018-10-11 00:00:00',2024,4,'Jeudi',2,'Été'),(120,'0013-02-09 00:00:00',2024,8,'Jeudi',3,'Automne'),(121,'0024-07-12 00:00:00',2024,1,'Lundi',1,'Hiver'),(122,'0007-02-10 00:00:00',2024,8,'Dimanche',3,'Été'),(123,'0013-11-10 00:00:00',2024,5,'Vendredi',2,'Été'),(124,'0023-03-13 00:00:00',2024,9,'Samedi',3,'Hiver'),(125,'0022-01-10 00:00:00',2024,7,'Jeudi',3,'Printemps'),(126,'0029-08-12 00:00:00',2024,2,'Samedi',1,'Printemps'),(127,'0030-09-10 00:00:00',2024,3,'Samedi',1,'Automne'),(128,'0031-08-13 00:00:00',2024,2,'Mardi',1,'Été'),(129,'0016-12-10 00:00:00',2024,6,'Jeudi',2,'Été'),(130,'0008-02-10 00:00:00',2024,8,'Lundi',3,'Été'),(131,'0022-05-13 00:00:00',2024,11,'Mercredi',4,'Été'),(132,'0015-03-13 00:00:00',2024,9,'Lundi',3,'Été'),(133,'0015-11-10 00:00:00',2024,5,'Jeudi',2,'Automne'),(134,'0030-10-11 00:00:00',2024,4,'Lundi',2,'Automne'),(135,'0030-12-11 00:00:00',2024,6,'Jeudi',2,'Automne'),(136,'0014-01-10 00:00:00',2024,7,'Samedi',3,'Hiver'),(137,'0032-03-12 00:00:00',2024,9,'Mardi',3,'Été'),(138,'0022-11-10 00:00:00',2024,5,'Lundi',2,'Printemps'),(139,'0028-05-12 00:00:00',2024,11,'Mardi',4,'Automne'),(140,'0015-07-13 00:00:00',2024,1,'Mardi',1,'Printemps'),(141,'0026-04-12 00:00:00',2024,10,'Samedi',4,'Automne'),(142,'0033-11-10 00:00:00',2024,5,'Vendredi',2,'Automne'),(143,'0016-02-10 00:00:00',2024,8,'Mardi',3,'Été'),(144,'0029-06-11 00:00:00',2024,12,'Lundi',4,'Automne'),(145,'0029-02-09 00:00:00',2024,8,'Lundi',3,'Hiver'),(146,'0020-04-11 00:00:00',2024,10,'Dimanche',4,'Printemps'),(147,'0009-09-10 00:00:00',2024,3,'Dimanche',1,'Été'),(148,'0021-01-09 00:00:00',2024,7,'Jeudi',3,'Hiver'),(149,'0033-07-12 00:00:00',2024,1,'Dimanche',1,'Automne'),(150,'0013-11-10 00:00:00',2024,5,'Dimanche',2,'Printemps'),(151,'0013-04-11 00:00:00',2024,10,'Dimanche',4,'Été'),(152,'0025-04-11 00:00:00',2024,10,'Mardi',4,'Automne'),(153,'0008-04-11 00:00:00',2024,10,'Lundi',4,'Automne'),(154,'0017-11-10 00:00:00',2024,5,'Mardi',2,'Été'),(155,'0031-09-10 00:00:00',2024,3,'Dimanche',1,'Automne'),(156,'0027-07-13 00:00:00',2024,1,'Mercredi',1,'Été'),(157,'0010-07-13 00:00:00',2024,1,'Mardi',1,'Printemps'),(158,'0021-12-11 00:00:00',2024,6,'Mercredi',2,'Automne'),(159,'0015-06-12 00:00:00',2024,12,'Samedi',4,'Automne'),(160,'0022-10-11 00:00:00',2024,4,'Dimanche',2,'Automne'),(161,'0019-10-11 00:00:00',2024,4,'Samedi',2,'Automne'),(162,'0028-04-11 00:00:00',2024,10,'Mercredi',4,'Été'),(163,'0017-03-12 00:00:00',2024,9,'Mardi',3,'Printemps'),(164,'0020-02-10 00:00:00',2024,8,'Lundi',3,'Automne'),(165,'0021-03-12 00:00:00',2024,9,'Lundi',3,'Printemps'),(166,'0018-02-10 00:00:00',2024,8,'Lundi',3,'Hiver'),(167,'0007-06-12 00:00:00',2024,12,'Vendredi',4,'Automne'),(168,'0011-04-12 00:00:00',2024,10,'Mercredi',4,'Hiver'),(169,'0016-09-09 00:00:00',2024,3,'Jeudi',1,'Hiver'),(170,'0024-02-10 00:00:00',2024,8,'Dimanche',3,'Hiver'),(171,'0023-11-10 00:00:00',2024,5,'Lundi',2,'Hiver'),(172,'0015-01-10 00:00:00',2024,7,'Vendredi',3,'Printemps'),(173,'0009-10-11 00:00:00',2024,4,'Dimanche',2,'Été'),(174,'0016-07-12 00:00:00',2024,1,'Lundi',1,'Été'),(175,'0023-01-10 00:00:00',2024,7,'Vendredi',3,'Hiver'),(176,'0011-03-13 00:00:00',2024,9,'Mercredi',3,'Printemps'),(177,'0027-10-11 00:00:00',2024,4,'Samedi',2,'Été'),(178,'0009-03-12 00:00:00',2024,9,'Mercredi',3,'Automne'),(179,'0019-08-13 00:00:00',2024,2,'Dimanche',1,'Printemps'),(180,'0026-04-12 00:00:00',2024,10,'Lundi',4,'Printemps'),(181,'0018-06-12 00:00:00',2024,12,'Mardi',4,'Printemps'),(182,'0009-04-11 00:00:00',2024,10,'Mercredi',4,'Hiver'),(183,'0029-09-10 00:00:00',2024,3,'Vendredi',1,'Hiver'),(184,'0026-04-12 00:00:00',2024,10,'Vendredi',4,'Été'),(185,'0028-08-12 00:00:00',2024,2,'Dimanche',1,'Hiver'),(186,'0017-05-12 00:00:00',2024,11,'Mardi',4,'Automne'),(187,'0033-02-09 00:00:00',2024,8,'Mardi',3,'Printemps'),(188,'0025-08-12 00:00:00',2024,2,'Mercredi',1,'Printemps'),(189,'0030-11-10 00:00:00',2024,5,'Lundi',2,'Printemps'),(190,'0028-01-10 00:00:00',2024,7,'Samedi',3,'Printemps'),(191,'0028-03-12 00:00:00',2024,9,'Mardi',3,'Automne'),(192,'0008-06-11 00:00:00',2024,12,'Jeudi',4,'Hiver'),(193,'0012-08-12 00:00:00',2024,2,'Mercredi',1,'Automne'),(194,'0022-01-10 00:00:00',2024,7,'Dimanche',3,'Automne'),(195,'0006-09-10 00:00:00',2024,3,'Mardi',1,'Hiver'),(196,'0019-04-12 00:00:00',2024,10,'Lundi',4,'Automne'),(197,'0025-06-11 00:00:00',2024,12,'Jeudi',4,'Hiver'),(198,'0024-03-12 00:00:00',2024,9,'Vendredi',3,'Automne'),(199,'0008-03-12 00:00:00',2024,9,'Mercredi',3,'Été'),(200,'0034-04-12 00:00:00',2024,10,'Vendredi',4,'Été'),(201,'0033-01-09 00:00:00',2024,7,'Jeudi',3,'Hiver'),(202,'0020-08-12 00:00:00',2024,2,'Lundi',1,'Été'),(203,'0010-04-12 00:00:00',2024,10,'Dimanche',4,'Automne'),(204,'0019-01-10 00:00:00',2024,7,'Mercredi',3,'Printemps'),(205,'0014-03-13 00:00:00',2024,9,'Samedi',3,'Printemps'),(206,'0016-09-09 00:00:00',2024,3,'Dimanche',1,'Printemps'),(207,'0020-12-10 00:00:00',2024,6,'Mardi',2,'Hiver'),(208,'0011-06-12 00:00:00',2024,12,'Mardi',4,'Hiver'),(209,'0028-12-10 00:00:00',2024,6,'Mercredi',2,'Automne'),(210,'0007-07-13 00:00:00',2024,1,'Jeudi',1,'Été'),(211,'0022-05-13 00:00:00',2024,11,'Lundi',4,'Été'),(212,'0028-03-12 00:00:00',2024,9,'Jeudi',3,'Automne'),(213,'0022-08-13 00:00:00',2024,2,'Vendredi',1,'Printemps'),(214,'0032-02-10 00:00:00',2024,8,'Vendredi',3,'Automne'),(215,'0013-02-09 00:00:00',2024,8,'Mercredi',3,'Hiver'),(216,'0020-12-10 00:00:00',2024,6,'Samedi',2,'Été'),(217,'0014-11-10 00:00:00',2024,5,'Samedi',2,'Printemps'),(218,'0017-06-11 00:00:00',2024,12,'Jeudi',4,'Hiver'),(219,'0008-10-10 00:00:00',2024,4,'Dimanche',2,'Automne'),(220,'0032-12-10 00:00:00',2024,6,'Dimanche',2,'Printemps'),(221,'0025-12-11 00:00:00',2024,6,'Mardi',2,'Printemps'),(222,'0018-09-10 00:00:00',2024,3,'Samedi',1,'Hiver'),(223,'0028-04-11 00:00:00',2024,10,'Mardi',4,'Hiver'),(224,'0032-08-12 00:00:00',2024,2,'Jeudi',1,'Automne'),(225,'0025-11-10 00:00:00',2024,5,'Jeudi',2,'Hiver'),(226,'0031-04-12 00:00:00',2024,10,'Dimanche',4,'Automne'),(227,'0013-03-12 00:00:00',2024,9,'Mardi',3,'Été'),(228,'0019-09-10 00:00:00',2024,3,'Mardi',1,'Printemps'),(229,'0029-11-10 00:00:00',2024,5,'Vendredi',2,'Automne'),(230,'0013-06-11 00:00:00',2024,12,'Jeudi',4,'Hiver'),(231,'0025-12-11 00:00:00',2024,6,'Mercredi',2,'Hiver'),(232,'0017-08-12 00:00:00',2024,2,'Mercredi',1,'Automne'),(233,'0015-10-11 00:00:00',2024,4,'Mardi',2,'Printemps'),(234,'0027-03-13 00:00:00',2024,9,'Jeudi',3,'Hiver'),(235,'0025-01-09 00:00:00',2024,7,'Jeudi',3,'Été'),(236,'0012-11-09 00:00:00',2024,5,'Samedi',2,'Printemps'),(237,'0013-05-12 00:00:00',2024,11,'Jeudi',4,'Automne'),(238,'0019-09-10 00:00:00',2024,3,'Lundi',1,'Automne'),(239,'0022-12-11 00:00:00',2024,6,'Lundi',2,'Été'),(240,'0009-05-12 00:00:00',2024,11,'Jeudi',4,'Hiver'),(241,'0032-09-09 00:00:00',2024,3,'Mardi',1,'Printemps'),(242,'0020-11-09 00:00:00',2024,5,'Mardi',2,'Été'),(243,'0018-02-10 00:00:00',2024,8,'Samedi',3,'Hiver'),(244,'0027-11-10 00:00:00',2024,5,'Mercredi',2,'Printemps'),(245,'0023-12-11 00:00:00',2024,6,'Jeudi',2,'Automne'),(246,'0022-08-13 00:00:00',2024,2,'Jeudi',1,'Automne'),(247,'0023-08-13 00:00:00',2024,2,'Samedi',1,'Automne'),(248,'0017-03-12 00:00:00',2024,9,'Mercredi',3,'Automne'),(249,'0015-09-10 00:00:00',2024,3,'Mercredi',1,'Été'),(250,'0020-08-12 00:00:00',2024,2,'Samedi',1,'Automne'),(251,'0012-11-09 00:00:00',2024,5,'Vendredi',2,'Automne'),(252,'0028-12-10 00:00:00',2024,6,'Mardi',2,'Automne'),(253,'0010-03-13 00:00:00',2024,9,'Dimanche',3,'Printemps'),(254,'0032-04-11 00:00:00',2024,10,'Jeudi',4,'Printemps'),(255,'0008-09-09 00:00:00',2024,3,'Vendredi',1,'Été'),(256,'0018-12-11 00:00:00',2024,6,'Samedi',2,'Printemps'),(257,'0030-07-13 00:00:00',2024,1,'Vendredi',1,'Printemps'),(258,'0012-08-12 00:00:00',2024,2,'Vendredi',1,'Été'),(259,'0034-05-13 00:00:00',2024,11,'Samedi',4,'Automne'),(260,'0016-05-12 00:00:00',2024,11,'Vendredi',4,'Printemps'),(261,'0031-01-10 00:00:00',2024,7,'Vendredi',3,'Automne'),(262,'0012-06-11 00:00:00',2024,12,'Jeudi',4,'Hiver'),(263,'0018-11-10 00:00:00',2024,5,'Mardi',2,'Automne'),(264,'0025-09-10 00:00:00',2024,3,'Mardi',1,'Automne'),(265,'0014-01-10 00:00:00',2024,7,'Mardi',3,'Été'),(266,'0006-07-13 00:00:00',2024,1,'Mercredi',1,'Automne'),(267,'0033-07-12 00:00:00',2024,1,'Mercredi',1,'Printemps'),(268,'0014-04-12 00:00:00',2024,10,'Samedi',4,'Été'),(269,'0017-09-10 00:00:00',2024,3,'Vendredi',1,'Hiver'),(270,'0029-12-11 00:00:00',2024,6,'Mercredi',2,'Printemps'),(271,'0022-02-10 00:00:00',2024,8,'Samedi',3,'Automne'),(272,'0013-09-10 00:00:00',2024,3,'Lundi',1,'Printemps'),(273,'0034-05-13 00:00:00',2024,11,'Lundi',4,'Été'),(274,'0010-05-13 00:00:00',2024,11,'Mercredi',4,'Été'),(275,'0032-11-09 00:00:00',2024,5,'Mardi',2,'Automne'),(276,'0017-10-11 00:00:00',2024,4,'Vendredi',2,'Été'),(277,'0021-04-11 00:00:00',2024,10,'Mercredi',4,'Hiver'),(278,'0017-12-11 00:00:00',2024,6,'Samedi',2,'Hiver'),(279,'0017-11-10 00:00:00',2024,5,'Mardi',2,'Été'),(280,'0025-10-11 00:00:00',2024,4,'Jeudi',2,'Printemps'),(281,'0028-03-12 00:00:00',2024,9,'Lundi',3,'Automne'),(282,'0022-03-13 00:00:00',2024,9,'Dimanche',3,'Hiver'),(283,'0028-09-09 00:00:00',2024,3,'Dimanche',1,'Hiver'),(284,'0013-09-10 00:00:00',2024,3,'Vendredi',1,'Hiver'),(285,'0027-02-10 00:00:00',2024,8,'Lundi',3,'Printemps'),(286,'0015-06-12 00:00:00',2024,12,'Mardi',4,'Automne'),(287,'0031-09-10 00:00:00',2024,3,'Lundi',1,'Printemps'),(288,'0029-03-12 00:00:00',2024,9,'Dimanche',3,'Hiver'),(289,'0014-01-10 00:00:00',2024,7,'Jeudi',3,'Automne'),(290,'0018-10-11 00:00:00',2024,4,'Vendredi',2,'Automne'),(291,'0014-04-12 00:00:00',2024,10,'Mardi',4,'Printemps'),(292,'0032-03-12 00:00:00',2024,9,'Lundi',3,'Printemps'),(293,'0010-06-12 00:00:00',2024,12,'Dimanche',4,'Automne'),(294,'0029-08-12 00:00:00',2024,2,'Samedi',1,'Hiver'),(295,'0018-09-10 00:00:00',2024,3,'Dimanche',1,'Hiver'),(296,'0033-11-10 00:00:00',2024,5,'Lundi',2,'Printemps'),(297,'0028-07-12 00:00:00',2024,1,'Samedi',1,'Automne'),(298,'0015-01-10 00:00:00',2024,7,'Mardi',3,'Automne'),(299,'0026-08-13 00:00:00',2024,2,'Samedi',1,'Automne'),(300,'0030-11-10 00:00:00',2024,5,'Mardi',2,'Été');
/*!40000 ALTER TABLE `date` ENABLE KEYS */;
UNLOCK TABLES;

--
-- Table structure for table `destination`
--

DROP TABLE IF EXISTS `destination`;
/*!40101 SET @saved_cs_client     = @@character_set_client */;
/*!50503 SET character_set_client = utf8mb4 */;
CREATE TABLE `destination` (
  `ID_destination` int NOT NULL,
  `Destination` varchar(100) DEFAULT NULL,
  `Pays` varchar(11) DEFAULT NULL,
  `Ville` varchar(11) DEFAULT NULL,
  `Mode_de_transport` varchar(7) DEFAULT NULL,
  `Type_destination` varchar(14) DEFAULT NULL,
  PRIMARY KEY (`ID_destination`)
) ENGINE=InnoDB DEFAULT CHARSET=utf8mb4 COLLATE=utf8mb4_0900_ai_ci;
/*!40101 SET character_set_client = @saved_cs_client */;

--
-- Dumping data for table `destination`
--

LOCK TABLES `destination` WRITE;
/*!40000 ALTER TABLE `destination` DISABLE KEYS */;
INSERT INTO `destination` VALUES (205,'Rome','Italie','Rome','Avion','Internationale'),(210,'Paris','France','Paris','Bateau','Internationale'),(215,'Batna','Algérie','Batna','Bus','Nationale'),(220,'Londres','Royaume-Uni','Londres','Avion','Internationale'),(225,'Batna','Algérie','Batna','Bus','Nationale'),(230,'Annaba','Algérie','Annaba','Train','Nationale'),(235,'Batna','Algérie','Batna','Avion','Nationale'),(240,'Batna','Algérie','Batna','Voiture','Nationale'),(245,'Oran','Algérie','Oran','Voiture','Nationale'),(250,'Annaba','Algérie','Annaba','Avion','Nationale'),(255,'Setif','Algérie','Setif','Voiture','Nationale'),(260,'New York','USA','New York','Avion','Internationale'),(265,'Constantine','Algérie','Constantine','Bus','Nationale'),(270,'Marrakech','Maroc','Marrakech','Avion','Internationale'),(275,'Paris','France','Paris','Avion','Internationale'),(280,'Annaba','Algérie','Annaba','Voiture','Nationale'),(285,'Batna','Algérie','Batna','Voiture','Nationale'),(290,'Batna','Algérie','Batna','Train','Nationale'),(295,'Blida','Algérie','Blida','Train','Nationale'),(300,'Tizi Ouzou','Algérie','Tizi Ouzou','Train','Nationale'),(305,'Setif','Algérie','Setif','Avion','Nationale'),(310,'Tizi Ouzou','Algérie','Tizi Ouzou','Avion','Nationale'),(315,'Constantine','Algérie','Constantine','Voiture','Nationale'),(320,'Annaba','Algérie','Annaba','Bus','Nationale'),(325,'Blida','Algérie','Blida','Voiture','Nationale'),(330,'Rome','Italie','Rome','Bateau','Internationale'),(335,'Londres','Royaume-Uni','Londres','Bateau','Internationale'),(340,'Biskra','Algérie','Biskra','Train','Nationale'),(345,'Barcelone','Espagne','Barcelone','Bateau','Internationale'),(350,'Constantine','Algérie','Constantine','Avion','Nationale'),(355,'Blida','Algérie','Blida','Voiture','Nationale'),(360,'Bejaia','Algérie','Bejaia','Voiture','Nationale'),(365,'Bejaia','Algérie','Bejaia','Voiture','Nationale'),(370,'Batna','Algérie','Batna','Voiture','Nationale'),(375,'Tizi Ouzou','Algérie','Tizi Ouzou','Avion','Nationale'),(380,'Berlin','Allemagne','Berlin','Avion','Internationale'),(385,'Oran','Algérie','Oran','Avion','Nationale'),(390,'Marrakech','Maroc','Marrakech','Avion','Internationale'),(395,'Setif','Algérie','Setif','Bus','Nationale'),(400,'Batna','Algérie','Batna','Avion','Nationale'),(405,'Batna','Algérie','Batna','Bus','Nationale'),(410,'Batna','Algérie','Batna','Bus','Nationale'),(415,'Londres','Royaume-Uni','Londres','Bateau','Internationale'),(420,'Setif','Algérie','Setif','Bus','Nationale'),(425,'Alger','Algérie','Alger','Voiture','Nationale'),(430,'Tizi Ouzou','Algérie','Tizi Ouzou','Bus','Nationale'),(435,'Alger','Algérie','Alger','Voiture','Nationale'),(440,'Annaba','Algérie','Annaba','Train','Nationale'),(445,'Rome','Italie','Rome','Bateau','Internationale'),(450,'Blida','Algérie','Blida','Train','Nationale'),(455,'Setif','Algérie','Setif','Voiture','Nationale'),(460,'Alger','Algérie','Alger','Bus','Nationale'),(465,'Constantine','Algérie','Constantine','Avion','Nationale'),(470,'Setif','Algérie','Setif','Avion','Nationale'),(475,'Constantine','Algérie','Constantine','Train','Nationale'),(480,'Annaba','Algérie','Annaba','Avion','Nationale'),(485,'Biskra','Algérie','Biskra','Train','Nationale'),(490,'Alger','Algérie','Alger','Bus','Nationale'),(495,'Constantine','Algérie','Constantine','Train','Nationale'),(500,'Annaba','Algérie','Annaba','Voiture','Nationale'),(505,'Oran','Algérie','Oran','Voiture','Nationale'),(510,'Batna','Algérie','Batna','Voiture','Nationale'),(515,'Berlin','Allemagne','Berlin','Avion','Internationale'),(520,'Annaba','Algérie','Annaba','Train','Nationale'),(525,'Oran','Algérie','Oran','Voiture','Nationale'),(530,'Constantine','Algérie','Constantine','Train','Nationale'),(535,'Alger','Algérie','Alger','Voiture','Nationale'),(540,'Alger','Algérie','Alger','Voiture','Nationale'),(545,'Marrakech','Maroc','Marrakech','Avion','Internationale'),(550,'Blida','Algérie','Blida','Bus','Nationale'),(555,'Bejaia','Algérie','Bejaia','Bus','Nationale'),(560,'Setif','Algérie','Setif','Avion','Nationale'),(565,'Annaba','Algérie','Annaba','Voiture','Nationale'),(570,'Batna','Algérie','Batna','Train','Nationale'),(575,'Bejaia','Algérie','Bejaia','Voiture','Nationale'),(580,'Tizi Ouzou','Algérie','Tizi Ouzou','Train','Nationale'),(585,'Batna','Algérie','Batna','Bus','Nationale'),(590,'Alger','Algérie','Alger','Bus','Nationale'),(595,'Tizi Ouzou','Algérie','Tizi Ouzou','Voiture','Nationale'),(600,'Constantine','Algérie','Constantine','Bus','Nationale'),(605,'Rome','Italie','Rome','Avion','Internationale'),(610,'Oran','Algérie','Oran','Voiture','Nationale'),(615,'Bejaia','Algérie','Bejaia','Voiture','Nationale'),(620,'Annaba','Algérie','Annaba','Bus','Nationale'),(625,'Tunis','Tunisie','Tunis','Bateau','Internationale'),(630,'Tokyo','Japon','Tokyo','Avion','Internationale'),(635,'Bejaia','Algérie','Bejaia','Train','Nationale'),(640,'Blida','Algérie','Blida','Train','Nationale'),(645,'Annaba','Algérie','Annaba','Avion','Nationale'),(650,'New York','USA','New York','Bateau','Internationale'),(655,'Barcelone','Espagne','Barcelone','Avion','Internationale'),(660,'Bejaia','Algérie','Bejaia','Train','Nationale'),(665,'New York','USA','New York','Avion','Internationale'),(670,'Paris','France','Paris','Avion','Internationale'),(675,'Annaba','Algérie','Annaba','Avion','Nationale'),(680,'Bejaia','Algérie','Bejaia','Avion','Nationale'),(685,'Tizi Ouzou','Algérie','Tizi Ouzou','Train','Nationale'),(690,'Alger','Algérie','Alger','Bus','Nationale'),(695,'Bejaia','Algérie','Bejaia','Train','Nationale'),(700,'Annaba','Algérie','Annaba','Bus','Nationale'),(705,'Annaba','Algérie','Annaba','Bus','Nationale'),(710,'Constantine','Algérie','Constantine','Train','Nationale'),(715,'Setif','Algérie','Setif','Train','Nationale'),(720,'Oran','Algérie','Oran','Avion','Nationale'),(725,'Annaba','Algérie','Annaba','Bus','Nationale'),(730,'Alger','Algérie','Alger','Bus','Nationale'),(735,'Blida','Algérie','Blida','Voiture','Nationale'),(740,'Paris','France','Paris','Bateau','Internationale'),(745,'Batna','Algérie','Batna','Voiture','Nationale'),(750,'Rome','Italie','Rome','Avion','Internationale'),(755,'Setif','Algérie','Setif','Voiture','Nationale'),(760,'Batna','Algérie','Batna','Voiture','Nationale'),(765,'Bejaia','Algérie','Bejaia','Voiture','Nationale'),(770,'Biskra','Algérie','Biskra','Bus','Nationale'),(775,'Bejaia','Algérie','Bejaia','Train','Nationale'),(780,'Oran','Algérie','Oran','Voiture','Nationale'),(785,'Marrakech','Maroc','Marrakech','Bateau','Internationale'),(790,'Oran','Algérie','Oran','Avion','Nationale'),(795,'Oran','Algérie','Oran','Voiture','Nationale'),(800,'Rome','Italie','Rome','Avion','Internationale'),(805,'Annaba','Algérie','Annaba','Avion','Nationale'),(810,'Alger','Algérie','Alger','Voiture','Nationale'),(815,'Setif','Algérie','Setif','Train','Nationale'),(820,'Oran','Algérie','Oran','Train','Nationale'),(825,'Tizi Ouzou','Algérie','Tizi Ouzou','Bus','Nationale'),(830,'Biskra','Algérie','Biskra','Voiture','Nationale'),(835,'Tunis','Tunisie','Tunis','Bateau','Internationale'),(840,'Setif','Algérie','Setif','Avion','Nationale'),(845,'Berlin','Allemagne','Berlin','Avion','Internationale'),(850,'Rome','Italie','Rome','Bateau','Internationale'),(855,'Tizi Ouzou','Algérie','Tizi Ouzou','Bus','Nationale'),(860,'Batna','Algérie','Batna','Train','Nationale'),(865,'Paris','France','Paris','Avion','Internationale'),(870,'Blida','Algérie','Blida','Avion','Nationale'),(875,'Constantine','Algérie','Constantine','Train','Nationale'),(880,'Tokyo','Japon','Tokyo','Bateau','Internationale'),(885,'Marrakech','Maroc','Marrakech','Bateau','Internationale'),(890,'Marrakech','Maroc','Marrakech','Bateau','Internationale'),(895,'Barcelone','Espagne','Barcelone','Avion','Internationale'),(900,'Marrakech','Maroc','Marrakech','Avion','Internationale'),(905,'Tizi Ouzou','Algérie','Tizi Ouzou','Train','Nationale'),(910,'Oran','Algérie','Oran','Avion','Nationale'),(915,'Rome','Italie','Rome','Avion','Internationale'),(920,'Paris','France','Paris','Avion','Internationale'),(925,'Londres','Royaume-Uni','Londres','Avion','Internationale'),(930,'Tizi Ouzou','Algérie','Tizi Ouzou','Train','Nationale'),(935,'Tizi Ouzou','Algérie','Tizi Ouzou','Train','Nationale'),(940,'Paris','France','Paris','Bateau','Internationale'),(945,'New York','USA','New York','Bateau','Internationale'),(950,'Biskra','Algérie','Biskra','Train','Nationale'),(955,'Oran','Algérie','Oran','Train','Nationale'),(960,'Barcelone','Espagne','Barcelone','Bateau','Internationale'),(965,'Londres','Royaume-Uni','Londres','Bateau','Internationale'),(970,'Marrakech','Maroc','Marrakech','Avion','Internationale'),(975,'Setif','Algérie','Setif','Train','Nationale'),(980,'Tokyo','Japon','Tokyo','Avion','Internationale'),(985,'Tunis','Tunisie','Tunis','Bateau','Internationale'),(990,'Londres','Royaume-Uni','Londres','Avion','Internationale'),(995,'Tizi Ouzou','Algérie','Tizi Ouzou','Train','Nationale'),(1000,'Alger','Algérie','Alger','Train','Nationale'),(1005,'Setif','Algérie','Setif','Train','Nationale'),(1010,'Oran','Algérie','Oran','Voiture','Nationale'),(1015,'Biskra','Algérie','Biskra','Avion','Nationale'),(1020,'Biskra','Algérie','Biskra','Avion','Nationale'),(1025,'Annaba','Algérie','Annaba','Avion','Nationale'),(1030,'Paris','France','Paris','Bateau','Internationale'),(1035,'Batna','Algérie','Batna','Train','Nationale'),(1040,'Berlin','Allemagne','Berlin','Avion','Internationale'),(1045,'Bejaia','Algérie','Bejaia','Train','Nationale'),(1050,'Batna','Algérie','Batna','Bus','Nationale'),(1055,'Rome','Italie','Rome','Bateau','Internationale'),(1060,'New York','USA','New York','Avion','Internationale'),(1065,'Tizi Ouzou','Algérie','Tizi Ouzou','Avion','Nationale'),(1070,'Londres','Royaume-Uni','Londres','Bateau','Internationale'),(1075,'Londres','Royaume-Uni','Londres','Bateau','Internationale'),(1080,'Bejaia','Algérie','Bejaia','Avion','Nationale'),(1085,'Paris','France','Paris','Avion','Internationale'),(1090,'Oran','Algérie','Oran','Train','Nationale'),(1095,'Blida','Algérie','Blida','Avion','Nationale'),(1100,'Berlin','Allemagne','Berlin','Bateau','Internationale'),(1105,'Berlin','Allemagne','Berlin','Bateau','Internationale'),(1110,'Berlin','Allemagne','Berlin','Avion','Internationale'),(1115,'Berlin','Allemagne','Berlin','Bateau','Internationale'),(1120,'Paris','France','Paris','Bateau','Internationale'),(1125,'Londres','Royaume-Uni','Londres','Bateau','Internationale'),(1130,'Tizi Ouzou','Algérie','Tizi Ouzou','Voiture','Nationale'),(1135,'Blida','Algérie','Blida','Train','Nationale'),(1140,'Constantine','Algérie','Constantine','Voiture','Nationale'),(1145,'Marrakech','Maroc','Marrakech','Bateau','Internationale'),(1150,'Oran','Algérie','Oran','Avion','Nationale'),(1155,'New York','USA','New York','Bateau','Internationale'),(1160,'Bejaia','Algérie','Bejaia','Bus','Nationale'),(1165,'Annaba','Algérie','Annaba','Bus','Nationale'),(1170,'Berlin','Allemagne','Berlin','Avion','Internationale'),(1175,'Biskra','Algérie','Biskra','Avion','Nationale'),(1180,'Alger','Algérie','Alger','Voiture','Nationale'),(1185,'Batna','Algérie','Batna','Avion','Nationale'),(1190,'Berlin','Allemagne','Berlin','Avion','Internationale'),(1195,'Bejaia','Algérie','Bejaia','Bus','Nationale'),(1200,'Biskra','Algérie','Biskra','Avion','Nationale'),(1205,'Setif','Algérie','Setif','Avion','Nationale'),(1210,'Barcelone','Espagne','Barcelone','Avion','Internationale'),(1215,'Barcelone','Espagne','Barcelone','Bateau','Internationale'),(1220,'Rome','Italie','Rome','Avion','Internationale'),(1225,'Tunis','Tunisie','Tunis','Avion','Internationale'),(1230,'Tunis','Tunisie','Tunis','Avion','Internationale'),(1235,'Setif','Algérie','Setif','Avion','Nationale'),(1240,'Berlin','Allemagne','Berlin','Avion','Internationale'),(1245,'Tizi Ouzou','Algérie','Tizi Ouzou','Voiture','Nationale'),(1250,'Constantine','Algérie','Constantine','Voiture','Nationale'),(1255,'Tunis','Tunisie','Tunis','Avion','Internationale'),(1260,'Paris','France','Paris','Bateau','Internationale'),(1265,'New York','USA','New York','Avion','Internationale'),(1270,'Batna','Algérie','Batna','Voiture','Nationale'),(1275,'Londres','Royaume-Uni','Londres','Avion','Internationale'),(1280,'Setif','Algérie','Setif','Bus','Nationale'),(1285,'Alger','Algérie','Alger','Bus','Nationale'),(1290,'Batna','Algérie','Batna','Train','Nationale'),(1295,'New York','USA','New York','Bateau','Internationale'),(1300,'Bejaia','Algérie','Bejaia','Bus','Nationale'),(1305,'Annaba','Algérie','Annaba','Train','Nationale'),(1310,'Biskra','Algérie','Biskra','Bus','Nationale'),(1315,'Biskra','Algérie','Biskra','Voiture','Nationale'),(1320,'Bejaia','Algérie','Bejaia','Bus','Nationale'),(1325,'Alger','Algérie','Alger','Bus','Nationale'),(1330,'Berlin','Allemagne','Berlin','Avion','Internationale'),(1335,'Bejaia','Algérie','Bejaia','Voiture','Nationale'),(1340,'New York','USA','New York','Bateau','Internationale'),(1345,'Bejaia','Algérie','Bejaia','Train','Nationale'),(1350,'Blida','Algérie','Blida','Bus','Nationale'),(1355,'Annaba','Algérie','Annaba','Avion','Nationale'),(1360,'New York','USA','New York','Bateau','Internationale'),(1365,'Biskra','Algérie','Biskra','Train','Nationale'),(1370,'Tunis','Tunisie','Tunis','Bateau','Internationale'),(1375,'Batna','Algérie','Batna','Avion','Nationale'),(1380,'Tizi Ouzou','Algérie','Tizi Ouzou','Avion','Nationale'),(1385,'New York','USA','New York','Avion','Internationale'),(1390,'Oran','Algérie','Oran','Voiture','Nationale'),(1395,'Londres','Royaume-Uni','Londres','Bateau','Internationale'),(1400,'Oran','Algérie','Oran','Train','Nationale'),(1405,'New York','USA','New York','Bateau','Internationale'),(1410,'Setif','Algérie','Setif','Avion','Nationale'),(1415,'Paris','France','Paris','Avion','Internationale'),(1420,'Londres','Royaume-Uni','Londres','Avion','Internationale'),(1425,'Londres','Royaume-Uni','Londres','Avion','Internationale'),(1430,'Blida','Algérie','Blida','Bus','Nationale'),(1435,'Setif','Algérie','Setif','Avion','Nationale'),(1440,'Barcelone','Espagne','Barcelone','Bateau','Internationale'),(1445,'Bejaia','Algérie','Bejaia','Train','Nationale'),(1450,'Marrakech','Maroc','Marrakech','Avion','Internationale'),(1455,'Setif','Algérie','Setif','Bus','Nationale'),(1460,'Marrakech','Maroc','Marrakech','Avion','Internationale'),(1465,'Setif','Algérie','Setif','Voiture','Nationale'),(1470,'Biskra','Algérie','Biskra','Bus','Nationale'),(1475,'Paris','France','Paris','Avion','Internationale'),(1480,'Oran','Algérie','Oran','Avion','Nationale'),(1485,'Oran','Algérie','Oran','Voiture','Nationale'),(1490,'Blida','Algérie','Blida','Voiture','Nationale'),(1495,'Setif','Algérie','Setif','Voiture','Nationale'),(1500,'Batna','Algérie','Batna','Avion','Nationale'),(1505,'Tizi Ouzou','Algérie','Tizi Ouzou','Bus','Nationale'),(1510,'Blida','Algérie','Blida','Voiture','Nationale'),(1515,'Barcelone','Espagne','Barcelone','Bateau','Internationale'),(1520,'Tizi Ouzou','Algérie','Tizi Ouzou','Avion','Nationale'),(1525,'Batna','Algérie','Batna','Train','Nationale'),(1530,'New York','USA','New York','Avion','Internationale'),(1535,'New York','USA','New York','Bateau','Internationale'),(1540,'Batna','Algérie','Batna','Bus','Nationale'),(1545,'Tokyo','Japon','Tokyo','Bateau','Internationale'),(1550,'Biskra','Algérie','Biskra','Train','Nationale'),(1555,'Barcelone','Espagne','Barcelone','Bateau','Internationale'),(1560,'Biskra','Algérie','Biskra','Voiture','Nationale'),(1565,'Biskra','Algérie','Biskra','Avion','Nationale'),(1570,'Tokyo','Japon','Tokyo','Avion','Internationale'),(1575,'Berlin','Allemagne','Berlin','Bateau','Internationale'),(1580,'Tunis','Tunisie','Tunis','Bateau','Internationale'),(1585,'Batna','Algérie','Batna','Bus','Nationale'),(1590,'Oran','Algérie','Oran','Train','Nationale'),(1595,'Annaba','Algérie','Annaba','Avion','Nationale'),(1600,'New York','USA','New York','Avion','Internationale'),(1605,'Berlin','Allemagne','Berlin','Bateau','Internationale'),(1610,'Alger','Algérie','Alger','Voiture','Nationale'),(1615,'Tokyo','Japon','Tokyo','Bateau','Internationale'),(1620,'Alger','Algérie','Alger','Voiture','Nationale'),(1625,'Paris','France','Paris','Bateau','Internationale'),(1630,'Tizi Ouzou','Algérie','Tizi Ouzou','Voiture','Nationale'),(1635,'Biskra','Algérie','Biskra','Voiture','Nationale'),(1640,'Marrakech','Maroc','Marrakech','Avion','Internationale'),(1645,'Bejaia','Algérie','Bejaia','Avion','Nationale'),(1650,'Constantine','Algérie','Constantine','Bus','Nationale'),(1655,'Paris','France','Paris','Avion','Internationale'),(1660,'Setif','Algérie','Setif','Avion','Nationale'),(1665,'Biskra','Algérie','Biskra','Voiture','Nationale'),(1670,'Annaba','Algérie','Annaba','Train','Nationale'),(1675,'Setif','Algérie','Setif','Train','Nationale'),(1680,'Biskra','Algérie','Biskra','Avion','Nationale'),(1685,'Alger','Algérie','Alger','Train','Nationale'),(1690,'New York','USA','New York','Bateau','Internationale'),(1695,'New York','USA','New York','Avion','Internationale'),(1700,'Tokyo','Japon','Tokyo','Bateau','Internationale');
/*!40000 ALTER TABLE `destination` ENABLE KEYS */;
UNLOCK TABLES;

--
-- Table structure for table `hebergement`
--

DROP TABLE IF EXISTS `hebergement`;
/*!40101 SET @saved_cs_client     = @@character_set_client */;
/*!50503 SET character_set_client = utf8mb4 */;
CREATE TABLE `hebergement` (
  `ID_hebergement` int NOT NULL,
  `Type_d_hebergement` varchar(11) DEFAULT NULL,
  `Classement_etoile` int DEFAULT NULL,
  `Capacite` int DEFAULT NULL,
  `Prix_par_nuit` int DEFAULT NULL,
  `Duree_du_sejour` int DEFAULT NULL,
  `Proprietaire` varchar(19) DEFAULT NULL,
  PRIMARY KEY (`ID_hebergement`)
) ENGINE=InnoDB DEFAULT CHARSET=utf8mb4 COLLATE=utf8mb4_0900_ai_ci;
/*!40101 SET character_set_client = @saved_cs_client */;

--
-- Dumping data for table `hebergement`
--

LOCK TABLES `hebergement` WRITE;
/*!40000 ALTER TABLE `hebergement` DISABLE KEYS */;
INSERT INTO `hebergement` VALUES (1,'Bungalow',1,3,246,12,'Indépendant'),(2,'Gîte',3,4,155,2,'Indépendant'),(3,'Appartement',4,4,209,13,'Agence de voyage'),(4,'Appartement',3,6,95,10,'Agence de voyage'),(5,'Villa',4,5,299,12,'Agence de voyage'),(6,'Gîte',1,2,294,14,'Chaîne hôtelière'),(7,'Riad',2,2,88,5,'Chaîne hôtelière'),(8,'Appartement',4,3,94,1,'Agence de voyage'),(9,'Villa',2,3,92,12,'Indépendant'),(10,'Villa',5,1,193,7,'Chaîne hôtelière'),(11,'Riad',5,2,258,14,'Agence de voyage'),(12,'Appartement',1,6,272,3,'Agence de voyage'),(13,'Gîte',4,5,190,1,'Chaîne hôtelière'),(14,'Gîte',5,4,231,14,'Chaîne hôtelière'),(15,'Riad',4,3,183,1,'Agence de voyage'),(16,'Gîte',1,3,93,2,'Chaîne hôtelière'),(17,'Gîte',3,2,217,1,'Chaîne hôtelière'),(18,'Villa',2,5,193,5,'Indépendant'),(19,'Appartement',2,3,257,11,'Chaîne hôtelière'),(20,'Villa',4,1,181,2,'Chaîne hôtelière'),(21,'Bungalow',5,1,193,8,'Agence de voyage'),(22,'Hôtel',2,3,246,3,'Chaîne hôtelière'),(23,'Bungalow',3,4,280,11,'Indépendant'),(24,'Riad',3,2,291,9,'Agence de voyage'),(25,'Appartement',5,6,272,13,'Chaîne hôtelière'),(26,'Appartement',1,4,140,14,'Agence de voyage'),(27,'Bungalow',3,1,135,9,'Indépendant'),(28,'Riad',1,2,159,7,'Indépendant'),(29,'Riad',2,4,299,13,'Indépendant'),(30,'Appartement',1,2,170,6,'Agence de voyage'),(31,'Appartement',1,3,84,5,'Chaîne hôtelière'),(32,'Hôtel',2,2,212,6,'Chaîne hôtelière'),(33,'Hôtel',5,4,103,5,'Indépendant'),(34,'Gîte',3,4,177,4,'Indépendant'),(35,'Bungalow',2,2,223,5,'Indépendant'),(36,'Villa',3,6,81,5,'Agence de voyage'),(37,'Villa',2,1,110,6,'Chaîne hôtelière'),(38,'Bungalow',3,4,168,14,'Agence de voyage'),(39,'Villa',2,4,229,3,'Agence de voyage'),(40,'Hôtel',3,2,178,12,'Indépendant'),(41,'Bungalow',4,2,57,3,'Indépendant'),(42,'Villa',5,6,141,1,'Agence de voyage'),(43,'Appartement',4,5,89,3,'Indépendant'),(44,'Gîte',4,2,181,13,'Indépendant'),(45,'Hôtel',4,5,205,8,'Agence de voyage'),(46,'Riad',3,3,268,13,'Agence de voyage'),(47,'Bungalow',5,6,255,12,'Agence de voyage'),(48,'Gîte',4,4,167,5,'Indépendant'),(49,'Gîte',1,5,260,6,'Indépendant'),(50,'Appartement',3,1,94,2,'Agence de voyage'),(51,'Gîte',1,2,244,8,'Agence de voyage'),(52,'Riad',3,2,163,7,'Indépendant'),(53,'Villa',1,1,128,8,'Agence de voyage'),(54,'Appartement',1,4,233,5,'Chaîne hôtelière'),(55,'Hôtel',4,2,145,14,'Agence de voyage'),(56,'Hôtel',4,2,174,7,'Chaîne hôtelière'),(57,'Hôtel',2,2,127,7,'Chaîne hôtelière'),(58,'Riad',1,6,114,9,'Agence de voyage'),(59,'Villa',4,3,217,7,'Chaîne hôtelière'),(60,'Gîte',1,2,126,2,'Agence de voyage'),(61,'Gîte',3,1,241,6,'Indépendant'),(62,'Villa',1,3,271,7,'Chaîne hôtelière'),(63,'Gîte',3,5,207,13,'Indépendant'),(64,'Appartement',2,2,152,1,'Indépendant'),(65,'Hôtel',4,4,149,7,'Agence de voyage'),(66,'Hôtel',5,2,228,2,'Chaîne hôtelière'),(67,'Villa',1,1,122,14,'Indépendant'),(68,'Gîte',5,1,151,8,'Indépendant'),(69,'Gîte',4,1,261,10,'Agence de voyage'),(70,'Riad',4,5,148,9,'Chaîne hôtelière'),(71,'Villa',5,2,169,12,'Chaîne hôtelière'),(72,'Hôtel',3,1,205,3,'Agence de voyage'),(73,'Appartement',1,6,266,7,'Indépendant'),(74,'Riad',2,6,105,10,'Chaîne hôtelière'),(75,'Villa',1,2,136,3,'Agence de voyage'),(76,'Bungalow',5,3,230,11,'Agence de voyage'),(77,'Appartement',3,5,139,10,'Indépendant'),(78,'Bungalow',5,2,222,12,'Agence de voyage'),(79,'Hôtel',3,1,166,5,'Agence de voyage'),(80,'Appartement',4,3,193,13,'Agence de voyage'),(81,'Appartement',4,5,254,5,'Chaîne hôtelière'),(82,'Hôtel',3,6,73,7,'Indépendant'),(83,'Bungalow',5,3,151,13,'Agence de voyage'),(84,'Gîte',1,5,249,6,'Chaîne hôtelière'),(85,'Villa',4,3,190,8,'Indépendant'),(86,'Riad',3,1,157,5,'Indépendant'),(87,'Hôtel',3,6,103,11,'Indépendant'),(88,'Bungalow',5,6,208,9,'Agence de voyage'),(89,'Villa',4,2,299,3,'Chaîne hôtelière'),(90,'Bungalow',4,3,259,1,'Chaîne hôtelière'),(91,'Hôtel',5,5,123,5,'Chaîne hôtelière'),(92,'Riad',1,6,163,7,'Indépendant'),(93,'Gîte',1,2,279,9,'Agence de voyage'),(94,'Villa',4,1,123,3,'Agence de voyage'),(95,'Bungalow',5,2,188,7,'Chaîne hôtelière'),(96,'Appartement',4,4,273,13,'Chaîne hôtelière'),(97,'Appartement',1,2,121,6,'Chaîne hôtelière'),(98,'Appartement',2,3,275,5,'Indépendant'),(99,'Gîte',3,4,81,6,'Agence de voyage'),(100,'Bungalow',2,4,295,4,'Agence de voyage'),(101,'Bungalow',5,1,295,1,'Agence de voyage'),(102,'Riad',4,5,278,8,'Indépendant'),(103,'Hôtel',2,5,201,9,'Indépendant'),(104,'Villa',2,4,73,4,'Chaîne hôtelière'),(105,'Villa',3,3,173,9,'Indépendant'),(106,'Villa',1,6,291,13,'Agence de voyage'),(107,'Hôtel',1,4,235,2,'Chaîne hôtelière'),(108,'Riad',2,3,196,4,'Indépendant'),(109,'Riad',4,5,115,4,'Chaîne hôtelière'),(110,'Appartement',1,6,93,4,'Chaîne hôtelière'),(111,'Bungalow',4,4,124,14,'Indépendant'),(112,'Bungalow',1,5,211,8,'Indépendant'),(113,'Riad',2,3,151,2,'Agence de voyage'),(114,'Appartement',1,4,93,10,'Chaîne hôtelière'),(115,'Hôtel',2,5,86,9,'Agence de voyage'),(116,'Riad',5,4,91,10,'Agence de voyage'),(117,'Appartement',5,1,269,6,'Chaîne hôtelière'),(118,'Villa',4,1,198,2,'Agence de voyage'),(119,'Villa',5,4,139,10,'Indépendant'),(120,'Villa',1,6,196,4,'Indépendant'),(121,'Appartement',2,6,132,11,'Agence de voyage'),(122,'Hôtel',2,5,291,5,'Indépendant'),(123,'Appartement',4,5,297,13,'Agence de voyage'),(124,'Appartement',2,5,67,2,'Chaîne hôtelière'),(125,'Riad',4,3,264,5,'Indépendant'),(126,'Bungalow',2,2,269,4,'Indépendant'),(127,'Bungalow',4,1,159,12,'Agence de voyage'),(128,'Appartement',3,4,220,1,'Chaîne hôtelière'),(129,'Bungalow',4,2,94,10,'Chaîne hôtelière'),(130,'Appartement',3,3,65,9,'Agence de voyage'),(131,'Appartement',5,3,128,10,'Chaîne hôtelière'),(132,'Villa',4,4,84,4,'Agence de voyage'),(133,'Gîte',3,6,269,6,'Agence de voyage'),(134,'Hôtel',5,2,118,5,'Chaîne hôtelière'),(135,'Hôtel',5,1,159,6,'Agence de voyage'),(136,'Gîte',4,1,160,2,'Indépendant'),(137,'Riad',2,2,87,9,'Indépendant'),(138,'Gîte',1,3,223,8,'Chaîne hôtelière'),(139,'Appartement',2,6,284,12,'Indépendant'),(140,'Appartement',4,5,192,13,'Agence de voyage'),(141,'Appartement',5,6,231,3,'Chaîne hôtelière'),(142,'Bungalow',1,4,198,12,'Agence de voyage'),(143,'Bungalow',1,4,296,2,'Agence de voyage'),(144,'Villa',3,5,234,10,'Chaîne hôtelière'),(145,'Hôtel',5,3,186,6,'Chaîne hôtelière'),(146,'Hôtel',5,6,236,12,'Agence de voyage'),(147,'Riad',1,2,59,2,'Indépendant'),(148,'Gîte',4,4,228,8,'Chaîne hôtelière'),(149,'Bungalow',1,3,252,6,'Indépendant'),(150,'Riad',3,1,102,7,'Indépendant'),(151,'Hôtel',2,6,118,12,'Agence de voyage'),(152,'Bungalow',2,2,125,1,'Indépendant'),(153,'Appartement',3,5,92,7,'Indépendant'),(154,'Appartement',1,6,298,11,'Agence de voyage'),(155,'Villa',4,6,163,12,'Chaîne hôtelière'),(156,'Bungalow',5,5,178,14,'Indépendant'),(157,'Appartement',1,6,202,4,'Agence de voyage'),(158,'Villa',3,5,75,6,'Chaîne hôtelière'),(159,'Riad',3,3,253,4,'Chaîne hôtelière'),(160,'Appartement',5,4,285,13,'Indépendant'),(161,'Riad',3,3,202,3,'Chaîne hôtelière'),(162,'Hôtel',5,6,95,6,'Indépendant'),(163,'Hôtel',1,5,298,12,'Indépendant'),(164,'Hôtel',3,3,93,2,'Agence de voyage'),(165,'Bungalow',3,5,246,11,'Agence de voyage'),(166,'Bungalow',1,2,51,7,'Chaîne hôtelière'),(167,'Appartement',3,4,229,1,'Chaîne hôtelière'),(168,'Riad',3,2,131,8,'Chaîne hôtelière'),(169,'Bungalow',1,1,298,9,'Chaîne hôtelière'),(170,'Bungalow',4,5,213,4,'Agence de voyage'),(171,'Riad',2,2,91,2,'Indépendant'),(172,'Bungalow',5,1,143,3,'Agence de voyage'),(173,'Gîte',3,1,218,7,'Chaîne hôtelière'),(174,'Appartement',1,1,165,10,'Agence de voyage'),(175,'Gîte',1,2,121,10,'Chaîne hôtelière'),(176,'Riad',3,3,146,13,'Agence de voyage'),(177,'Appartement',4,5,224,7,'Chaîne hôtelière'),(178,'Bungalow',1,2,113,1,'Indépendant'),(179,'Riad',5,6,102,2,'Agence de voyage'),(180,'Riad',4,4,156,7,'Indépendant'),(181,'Appartement',4,3,267,4,'Agence de voyage'),(182,'Riad',5,4,124,3,'Agence de voyage'),(183,'Bungalow',2,3,300,4,'Chaîne hôtelière'),(184,'Riad',1,2,173,13,'Agence de voyage'),(185,'Villa',3,2,173,2,'Agence de voyage'),(186,'Hôtel',4,4,215,9,'Chaîne hôtelière'),(187,'Appartement',5,2,299,3,'Indépendant'),(188,'Villa',5,4,175,10,'Agence de voyage'),(189,'Hôtel',1,6,73,12,'Indépendant'),(190,'Riad',2,2,128,6,'Agence de voyage'),(191,'Hôtel',2,4,280,14,'Chaîne hôtelière'),(192,'Gîte',4,5,91,11,'Chaîne hôtelière'),(193,'Gîte',2,6,107,12,'Agence de voyage'),(194,'Riad',3,3,117,14,'Agence de voyage'),(195,'Bungalow',4,4,272,1,'Indépendant'),(196,'Bungalow',2,4,228,14,'Chaîne hôtelière'),(197,'Villa',4,4,118,5,'Indépendant'),(198,'Riad',2,5,63,12,'Indépendant'),(199,'Riad',4,1,161,1,'Agence de voyage'),(200,'Appartement',5,2,254,11,'Indépendant'),(201,'Riad',1,2,284,6,'Chaîne hôtelière'),(202,'Gîte',5,1,136,5,'Chaîne hôtelière'),(203,'Riad',2,2,127,13,'Agence de voyage'),(204,'Villa',5,6,255,10,'Indépendant'),(205,'Hôtel',2,3,158,1,'Chaîne hôtelière'),(206,'Hôtel',3,4,193,5,'Indépendant'),(207,'Gîte',2,5,287,14,'Indépendant'),(208,'Bungalow',1,2,153,14,'Agence de voyage'),(209,'Hôtel',4,4,241,9,'Agence de voyage'),(210,'Hôtel',5,6,176,12,'Indépendant'),(211,'Appartement',1,1,267,9,'Agence de voyage'),(212,'Riad',2,2,269,7,'Chaîne hôtelière'),(213,'Riad',1,2,300,10,'Agence de voyage'),(214,'Riad',2,2,188,12,'Indépendant'),(215,'Gîte',2,1,193,3,'Agence de voyage'),(216,'Hôtel',1,6,268,14,'Chaîne hôtelière'),(217,'Hôtel',4,4,104,6,'Chaîne hôtelière'),(218,'Riad',4,5,290,1,'Indépendant'),(219,'Bungalow',4,4,243,13,'Agence de voyage'),(220,'Hôtel',5,4,120,12,'Chaîne hôtelière'),(221,'Gîte',4,1,262,5,'Agence de voyage'),(222,'Villa',1,3,108,8,'Chaîne hôtelière'),(223,'Appartement',1,1,120,4,'Indépendant'),(224,'Riad',3,5,229,11,'Indépendant'),(225,'Riad',5,4,190,14,'Agence de voyage'),(226,'Gîte',1,5,114,13,'Chaîne hôtelière'),(227,'Appartement',5,5,172,11,'Agence de voyage'),(228,'Riad',4,3,103,14,'Indépendant'),(229,'Gîte',4,6,222,12,'Chaîne hôtelière'),(230,'Gîte',2,2,248,13,'Agence de voyage'),(231,'Villa',1,3,112,12,'Indépendant'),(232,'Villa',2,6,250,10,'Indépendant'),(233,'Hôtel',5,3,224,1,'Chaîne hôtelière'),(234,'Bungalow',5,6,131,12,'Chaîne hôtelière'),(235,'Bungalow',1,1,140,9,'Agence de voyage'),(236,'Bungalow',2,6,82,13,'Chaîne hôtelière'),(237,'Hôtel',1,3,173,11,'Chaîne hôtelière'),(238,'Villa',3,2,129,1,'Indépendant'),(239,'Riad',4,3,297,3,'Indépendant'),(240,'Bungalow',1,2,196,9,'Chaîne hôtelière'),(241,'Gîte',5,2,267,11,'Chaîne hôtelière'),(242,'Gîte',2,3,113,3,'Chaîne hôtelière'),(243,'Gîte',5,5,114,9,'Chaîne hôtelière'),(244,'Riad',3,3,70,5,'Chaîne hôtelière'),(245,'Villa',5,4,169,5,'Agence de voyage'),(246,'Appartement',2,3,205,13,'Indépendant'),(247,'Villa',5,4,162,2,'Indépendant'),(248,'Gîte',2,2,70,2,'Agence de voyage'),(249,'Bungalow',1,3,117,11,'Chaîne hôtelière'),(250,'Hôtel',5,1,243,6,'Indépendant'),(251,'Bungalow',4,6,190,11,'Chaîne hôtelière'),(252,'Gîte',3,6,201,7,'Agence de voyage'),(253,'Riad',4,5,248,8,'Chaîne hôtelière'),(254,'Bungalow',2,3,51,7,'Chaîne hôtelière'),(255,'Riad',4,2,140,8,'Indépendant'),(256,'Appartement',3,2,130,14,'Chaîne hôtelière'),(257,'Appartement',4,3,209,13,'Chaîne hôtelière'),(258,'Appartement',5,1,245,14,'Indépendant'),(259,'Hôtel',1,6,271,6,'Agence de voyage'),(260,'Riad',2,3,209,5,'Agence de voyage'),(261,'Appartement',4,1,287,2,'Indépendant'),(262,'Bungalow',4,5,157,11,'Chaîne hôtelière'),(263,'Gîte',2,3,237,12,'Indépendant'),(264,'Gîte',2,2,149,8,'Agence de voyage'),(265,'Appartement',3,2,133,2,'Agence de voyage'),(266,'Bungalow',2,2,265,2,'Agence de voyage'),(267,'Hôtel',3,4,103,9,'Indépendant'),(268,'Bungalow',4,6,93,13,'Agence de voyage'),(269,'Gîte',2,1,110,14,'Agence de voyage'),(270,'Appartement',2,5,244,4,'Indépendant'),(271,'Gîte',5,2,203,1,'Chaîne hôtelière'),(272,'Bungalow',3,5,133,11,'Indépendant'),(273,'Gîte',4,4,209,9,'Indépendant'),(274,'Gîte',3,3,226,1,'Agence de voyage'),(275,'Gîte',3,1,296,12,'Agence de voyage'),(276,'Gîte',2,6,210,12,'Chaîne hôtelière'),(277,'Gîte',2,3,149,7,'Agence de voyage'),(278,'Appartement',4,2,131,12,'Chaîne hôtelière'),(279,'Hôtel',5,5,182,9,'Chaîne hôtelière'),(280,'Hôtel',4,4,235,10,'Agence de voyage'),(281,'Gîte',2,5,132,5,'Chaîne hôtelière'),(282,'Gîte',2,2,178,6,'Indépendant'),(283,'Hôtel',5,3,164,3,'Agence de voyage'),(284,'Appartement',1,5,140,2,'Agence de voyage'),(285,'Villa',3,6,170,14,'Chaîne hôtelière'),(286,'Gîte',3,1,193,13,'Chaîne hôtelière'),(287,'Hôtel',4,3,73,8,'Indépendant'),(288,'Gîte',4,1,248,2,'Indépendant'),(289,'Villa',1,6,58,8,'Chaîne hôtelière'),(290,'Bungalow',4,6,86,6,'Chaîne hôtelière'),(291,'Gîte',3,1,83,5,'Chaîne hôtelière'),(292,'Riad',2,5,91,6,'Indépendant'),(293,'Villa',1,3,207,7,'Indépendant'),(294,'Gîte',4,3,137,11,'Chaîne hôtelière'),(295,'Bungalow',1,3,236,4,'Indépendant'),(296,'Villa',3,1,272,5,'Agence de voyage'),(297,'Gîte',1,3,213,3,'Indépendant'),(298,'Appartement',5,5,164,14,'Agence de voyage'),(299,'Gîte',1,4,197,2,'Agence de voyage'),(300,'Villa',1,5,145,2,'Chaîne hôtelière');
/*!40000 ALTER TABLE `hebergement` ENABLE KEYS */;
UNLOCK TABLES;

--
-- Table structure for table `mathodepaiement`
--

DROP TABLE IF EXISTS `mathodepaiement`;
/*!40101 SET @saved_cs_client     = @@character_set_client */;
/*!50503 SET character_set_client = utf8mb4 */;
CREATE TABLE `mathodepaiement` (
  `ID_methode_paiement` int NOT NULL,
  `Type_de_paiement` varchar(17) DEFAULT NULL,
  PRIMARY KEY (`ID_methode_paiement`)
) ENGINE=InnoDB DEFAULT CHARSET=utf8mb4 COLLATE=utf8mb4_0900_ai_ci;
/*!40101 SET character_set_client = @saved_cs_client */;

--
-- Dumping data for table `mathodepaiement`
--

LOCK TABLES `mathodepaiement` WRITE;
/*!40000 ALTER TABLE `mathodepaiement` DISABLE KEYS */;
INSERT INTO `mathodepaiement` VALUES (1,'Chèque'),(2,'Espèces'),(3,'Virement bancaire'),(4,'PayPal'),(5,'PayPal'),(6,'Virement bancaire'),(7,'Espèces'),(8,'Chèque'),(9,'Espèces'),(10,'Carte bancaire'),(11,'Chèque'),(12,'Chèque'),(13,'PayPal'),(14,'Chèque'),(15,'Chèque'),(16,'Virement bancaire'),(17,'Carte bancaire'),(18,'Chèque'),(19,'Carte bancaire'),(20,'Chèque'),(21,'Espèces'),(22,'Carte bancaire'),(23,'Chèque'),(24,'Carte bancaire'),(25,'Virement bancaire'),(26,'Espèces'),(27,'Carte bancaire'),(28,'Espèces'),(29,'Chèque'),(30,'Espèces'),(31,'Chèque'),(32,'Carte bancaire'),(33,'PayPal'),(34,'Virement bancaire'),(35,'Espèces'),(36,'Carte bancaire'),(37,'Chèque'),(38,'Espèces'),(39,'Carte bancaire'),(40,'Espèces'),(41,'Espèces'),(42,'Chèque'),(43,'Espèces'),(44,'PayPal'),(45,'Carte bancaire'),(46,'Espèces'),(47,'PayPal'),(48,'Carte bancaire'),(49,'PayPal'),(50,'PayPal'),(51,'PayPal'),(52,'Carte bancaire'),(53,'Espèces'),(54,'Virement bancaire'),(55,'Carte bancaire'),(56,'Virement bancaire'),(57,'PayPal'),(58,'Espèces'),(59,'Carte bancaire'),(60,'PayPal'),(61,'Espèces'),(62,'Virement bancaire'),(63,'Chèque'),(64,'Virement bancaire'),(65,'PayPal'),(66,'Chèque'),(67,'PayPal'),(68,'PayPal'),(69,'Carte bancaire'),(70,'PayPal'),(71,'Virement bancaire'),(72,'PayPal'),(73,'Chèque'),(74,'Carte bancaire'),(75,'Carte bancaire'),(76,'Chèque'),(77,'PayPal'),(78,'Virement bancaire'),(79,'Espèces'),(80,'Carte bancaire'),(81,'Carte bancaire'),(82,'Espèces'),(83,'Carte bancaire'),(84,'Virement bancaire'),(85,'Espèces'),(86,'Chèque'),(87,'Chèque'),(88,'PayPal'),(89,'Espèces'),(90,'Chèque'),(91,'Chèque'),(92,'Chèque'),(93,'Espèces'),(94,'Carte bancaire'),(95,'Carte bancaire'),(96,'Chèque'),(97,'Carte bancaire'),(98,'Virement bancaire'),(99,'Espèces'),(100,'PayPal'),(101,'Carte bancaire'),(102,'Virement bancaire'),(103,'Chèque'),(104,'Virement bancaire'),(105,'Chèque'),(106,'Espèces'),(107,'PayPal'),(108,'Espèces'),(109,'Chèque'),(110,'Chèque'),(111,'Chèque'),(112,'Chèque'),(113,'Virement bancaire'),(114,'Carte bancaire'),(115,'Espèces'),(116,'Carte bancaire'),(117,'Espèces'),(118,'PayPal'),(119,'Virement bancaire'),(120,'Carte bancaire'),(121,'Carte bancaire'),(122,'Chèque'),(123,'Carte bancaire'),(124,'Chèque'),(125,'Chèque'),(126,'Virement bancaire'),(127,'Virement bancaire'),(128,'Carte bancaire'),(129,'PayPal'),(130,'Carte bancaire'),(131,'PayPal'),(132,'Espèces'),(133,'Virement bancaire'),(134,'PayPal'),(135,'Carte bancaire'),(136,'Espèces'),(137,'Virement bancaire'),(138,'PayPal'),(139,'Espèces'),(140,'Espèces'),(141,'Espèces'),(142,'Carte bancaire'),(143,'PayPal'),(144,'Espèces'),(145,'Chèque'),(146,'Espèces'),(147,'Chèque'),(148,'Virement bancaire'),(149,'Virement bancaire'),(150,'PayPal'),(151,'PayPal'),(152,'Chèque'),(153,'Chèque'),(154,'Virement bancaire'),(155,'Espèces'),(156,'Virement bancaire'),(157,'Carte bancaire'),(158,'Virement bancaire'),(159,'PayPal'),(160,'Carte bancaire'),(161,'Carte bancaire'),(162,'Espèces'),(163,'PayPal'),(164,'Espèces'),(165,'Chèque'),(166,'Virement bancaire'),(167,'Virement bancaire'),(168,'Virement bancaire'),(169,'Chèque'),(170,'Virement bancaire'),(171,'Carte bancaire'),(172,'Chèque'),(173,'Virement bancaire'),(174,'PayPal'),(175,'Carte bancaire'),(176,'Espèces'),(177,'Espèces'),(178,'Carte bancaire'),(179,'Chèque'),(180,'Espèces'),(181,'PayPal'),(182,'Virement bancaire'),(183,'Virement bancaire'),(184,'Chèque'),(185,'PayPal'),(186,'Chèque'),(187,'PayPal'),(188,'Virement bancaire'),(189,'Virement bancaire'),(190,'Chèque'),(191,'Espèces'),(192,'Carte bancaire'),(193,'Chèque'),(194,'Espèces'),(195,'Carte bancaire'),(196,'Chèque'),(197,'PayPal'),(198,'Carte bancaire'),(199,'PayPal'),(200,'Chèque'),(201,'Espèces'),(202,'Chèque'),(203,'Chèque'),(204,'Chèque'),(205,'Espèces'),(206,'Virement bancaire'),(207,'Carte bancaire'),(208,'Chèque'),(209,'Carte bancaire'),(210,'Chèque'),(211,'Virement bancaire'),(212,'Chèque'),(213,'Chèque'),(214,'Virement bancaire'),(215,'Carte bancaire'),(216,'PayPal'),(217,'Virement bancaire'),(218,'PayPal'),(219,'Virement bancaire'),(220,'Virement bancaire'),(221,'Carte bancaire'),(222,'Virement bancaire'),(223,'Espèces'),(224,'PayPal'),(225,'PayPal'),(226,'Espèces'),(227,'PayPal'),(228,'Virement bancaire'),(229,'Carte bancaire'),(230,'PayPal'),(231,'Carte bancaire'),(232,'Virement bancaire'),(233,'Virement bancaire'),(234,'Espèces'),(235,'Espèces'),(236,'Chèque'),(237,'Carte bancaire'),(238,'Carte bancaire'),(239,'Chèque'),(240,'Virement bancaire'),(241,'Virement bancaire'),(242,'PayPal'),(243,'PayPal'),(244,'Virement bancaire'),(245,'Virement bancaire'),(246,'Espèces'),(247,'Chèque'),(248,'Virement bancaire'),(249,'Espèces'),(250,'Carte bancaire'),(251,'PayPal'),(252,'Virement bancaire'),(253,'Chèque'),(254,'Chèque'),(255,'Virement bancaire'),(256,'Carte bancaire'),(257,'Virement bancaire'),(258,'PayPal'),(259,'Virement bancaire'),(260,'Virement bancaire'),(261,'Chèque'),(262,'Virement bancaire'),(263,'Chèque'),(264,'Chèque'),(265,'Carte bancaire'),(266,'Chèque'),(267,'Chèque'),(268,'Carte bancaire'),(269,'Chèque'),(270,'Espèces'),(271,'Chèque'),(272,'Chèque'),(273,'Carte bancaire'),(274,'Carte bancaire'),(275,'Carte bancaire'),(276,'Chèque'),(277,'Virement bancaire'),(278,'Virement bancaire'),(279,'Virement bancaire'),(280,'PayPal'),(281,'Virement bancaire'),(282,'Chèque'),(283,'Carte bancaire'),(284,'Espèces'),(285,'Virement bancaire'),(286,'PayPal'),(287,'Virement bancaire'),(288,'Carte bancaire'),(289,'Espèces'),(290,'Chèque'),(291,'Carte bancaire'),(292,'Carte bancaire'),(293,'Virement bancaire'),(294,'Virement bancaire'),(295,'Chèque'),(296,'PayPal'),(297,'PayPal'),(298,'Espèces'),(299,'Chèque'),(300,'PayPal');
/*!40000 ALTER TABLE `mathodepaiement` ENABLE KEYS */;
UNLOCK TABLES;

--
-- Table structure for table `Reservation`
--

DROP TABLE IF EXISTS `Reservation`;
/*!40101 SET @saved_cs_client     = @@character_set_client */;
/*!50503 SET character_set_client = utf8mb4 */;
CREATE TABLE `Reservation` (
  `ID_reservation` int NOT NULL,
  `Montant_total` float(12,0) DEFAULT NULL,
  `Frequence_reservation` int DEFAULT NULL,
  `ID_client` int NOT NULL,
  `ID_date` int NOT NULL,
  `ID_hebergement` int NOT NULL,
  `ID_service` int NOT NULL,
  `ID_methode_paiement` int NOT NULL,
  `ID_destination` int NOT NULL,
  PRIMARY KEY (`ID_reservation`,`ID_client`,`ID_date`,`ID_hebergement`,`ID_service`,`ID_methode_paiement`,`ID_destination`)
) ENGINE=InnoDB DEFAULT CHARSET=utf8mb4 COLLATE=utf8mb4_0900_ai_ci;
/*!40101 SET character_set_client = @saved_cs_client */;

--
-- Dumping data for table `Reservation`
--

LOCK TABLES `Reservation` WRITE;
/*!40000 ALTER TABLE `Reservation` DISABLE KEYS */;
INSERT INTO `Reservation` VALUES (1,3095,5,138,1,39,189,1,1600),(2,4279,1,171,2,197,207,2,1495),(3,1395,5,316,3,265,218,3,690),(4,2488,4,284,4,126,34,4,245),(5,1011,3,104,5,237,294,5,1200),(6,2588,3,255,6,290,30,6,935),(7,2443,1,160,7,178,191,7,330),(8,2304,1,130,8,192,81,8,420),(9,4572,5,265,9,284,276,9,1190),(10,3469,1,177,10,276,68,10,955),(11,1146,1,354,11,115,6,11,570),(12,1176,4,109,12,93,140,12,425),(13,3623,1,297,13,29,183,13,860),(14,2449,3,121,14,152,182,14,310),(15,1540,5,263,15,194,282,15,1135),(16,1234,3,127,16,189,62,16,1270),(17,3079,3,321,17,211,298,17,1160),(18,2135,4,289,18,261,271,18,780),(19,3584,2,122,19,38,61,19,1515),(20,4487,5,198,20,66,64,20,610),(21,3945,3,182,21,119,280,21,1620),(22,1689,5,185,22,74,8,22,365),(23,4691,5,293,23,76,273,23,1680),(24,3381,3,146,24,190,38,24,280),(25,2679,3,119,25,153,83,25,235),(26,3331,2,123,26,44,177,26,540),(27,4987,5,234,27,279,275,27,1490),(28,1823,1,300,28,156,82,28,1385),(29,1970,4,227,29,275,31,29,755),(30,4139,1,376,30,253,14,30,350),(31,1201,5,267,31,104,139,31,1640),(32,4489,5,246,32,238,212,32,320),(33,4801,5,165,33,291,85,33,1595),(34,1363,3,298,34,48,233,34,930),(35,1609,5,372,35,248,96,35,435),(36,1247,4,294,36,84,129,36,1420),(37,4876,3,282,37,71,254,37,300),(38,4947,5,373,38,233,245,38,1545),(39,1550,3,350,39,14,97,39,825),(40,1018,2,337,40,32,54,40,1375),(41,1035,4,170,41,158,197,41,835),(42,2274,4,290,42,167,133,42,1580),(43,1188,1,208,43,139,27,43,370),(44,1692,1,285,44,280,274,44,1455),(45,3234,1,365,45,41,257,45,1090),(46,4721,4,361,46,124,24,46,1320),(47,4858,5,347,47,144,159,47,240),(48,4417,2,381,48,173,11,48,1030),(49,4105,5,323,49,54,171,49,1485),(50,1627,5,105,50,210,16,50,660),(51,4329,4,180,51,168,164,51,520),(52,4366,5,389,52,19,227,52,805),(53,3077,4,259,53,45,277,53,635),(54,4842,2,344,54,86,188,54,465),(55,1720,5,341,55,138,141,55,500),(56,2281,4,158,56,293,109,56,225),(57,2672,3,207,57,228,70,57,1080),(58,2347,5,396,58,201,161,58,1185),(59,3074,2,176,59,266,237,59,1260),(60,2604,1,400,60,148,147,60,460),(61,1865,5,307,61,250,116,61,560),(62,1459,1,117,62,51,136,62,700),(63,1661,3,349,63,202,73,63,275),(64,2546,2,231,64,188,104,64,535),(65,3506,2,363,65,46,3,65,1155),(66,3307,4,153,66,169,9,66,505),(67,3857,2,110,67,287,115,67,1365),(68,1928,3,187,68,56,107,68,810),(69,1340,4,194,69,170,250,69,395),(70,2943,4,191,70,166,60,70,405),(71,3277,4,256,71,278,43,71,530),(72,4138,4,147,72,245,176,72,345),(73,2961,2,303,73,267,203,73,830),(74,2385,2,288,74,2,226,74,1615),(75,3310,2,174,75,193,168,75,1425),(76,1671,2,154,76,20,131,76,905),(77,1011,1,375,77,127,100,77,250),(78,4111,3,328,78,176,17,78,920),(79,1127,1,118,79,105,145,79,1285),(80,4933,3,214,80,121,128,80,1170),(81,4237,1,128,81,11,173,81,585),(82,4533,5,395,82,297,44,82,480),(83,1733,1,136,83,243,10,83,985),(84,4926,3,242,84,82,18,84,1245),(85,2973,3,324,85,295,162,85,1445),(86,1436,3,327,86,37,32,86,1035),(87,2291,4,266,87,232,281,87,925),(88,2474,4,206,88,7,94,88,965),(89,2790,1,175,89,111,108,89,1550),(90,2438,1,262,90,186,255,90,1670),(91,2890,5,370,91,216,105,91,1655),(92,2646,3,224,92,254,213,92,1625),(93,3920,2,310,93,128,23,93,545),(94,3401,5,260,94,249,260,94,980),(95,1524,5,163,95,270,87,95,1295),(96,1314,3,252,96,12,179,96,1415),(97,4416,2,240,97,285,190,97,1010),(98,2856,1,114,98,118,154,98,1355),(99,1289,4,204,99,4,15,99,1150),(100,2942,2,161,100,268,146,100,1040),(101,4953,5,155,101,33,167,101,600),(102,4413,3,237,102,150,219,102,975),(103,1838,3,312,103,180,165,103,230),(104,3548,1,241,104,205,242,104,400),(105,2873,2,385,105,187,265,105,1280),(106,1131,2,304,106,17,78,106,595),(107,3579,5,359,107,80,123,107,1235),(108,2215,2,145,108,234,221,108,305),(109,3785,5,306,109,55,51,109,695),(110,1972,2,132,110,240,120,110,210),(111,1201,5,250,111,140,130,111,1110),(112,4637,3,258,112,26,56,112,685),(113,3965,1,264,113,73,230,113,815),(114,2634,5,387,114,81,19,114,1115),(115,3784,4,124,115,15,180,115,580),(116,3504,2,374,116,114,4,116,1210),(117,3906,1,193,117,62,244,117,945),(118,1377,5,205,118,137,200,118,865),(119,1624,2,281,119,271,71,119,265),(120,2577,1,271,120,147,293,120,715),(121,1803,4,345,121,292,90,121,1555),(122,3654,3,268,122,31,234,122,970),(123,4375,5,280,123,209,175,123,735),(124,1427,3,309,124,161,278,124,720),(125,1227,4,380,125,79,80,125,1220),(126,2370,3,103,126,94,103,126,355),(127,3515,3,156,127,172,270,127,1470),(128,3221,2,317,128,199,47,128,800),(129,2592,4,178,129,246,296,129,1500),(130,4231,5,134,130,58,69,130,650),(131,3416,4,235,131,222,91,131,640),(132,4303,3,348,132,256,46,132,325),(133,3025,5,199,133,99,297,133,1230),(134,4029,2,319,134,244,187,134,770),(135,4615,2,152,135,85,262,135,895),(136,3035,3,162,136,260,77,136,1560),(137,3934,3,212,137,185,231,137,645),(138,4161,2,278,138,220,228,138,995),(139,1442,5,230,139,239,205,139,765),(140,3925,2,244,140,122,216,140,415),(141,4591,3,107,141,22,186,141,1660),(142,1773,3,172,142,299,299,142,885),(143,2969,1,148,143,219,33,143,880),(144,3927,5,329,144,60,111,144,1480),(145,3747,5,272,145,35,84,145,850),(146,2631,2,383,146,16,66,146,510),(147,3023,5,137,147,96,185,147,1650),(148,3462,4,219,148,206,202,148,1005),(149,4046,2,169,149,5,288,149,1435),(150,4736,1,305,150,129,124,150,555),(151,3630,4,213,151,98,72,151,1530),(152,4814,3,184,152,230,243,152,655),(153,2580,2,186,153,155,285,153,255),(154,4183,3,343,154,200,150,154,1525),(155,1753,1,108,155,223,112,155,950),(156,3285,2,366,156,298,269,156,440),(157,2282,1,393,157,259,252,157,390),(158,2950,3,106,158,133,74,158,705),(159,4386,5,225,159,212,76,159,1025),(160,1512,3,398,160,208,25,160,360),(161,2953,1,276,161,27,196,161,870),(162,3470,3,222,162,92,238,162,1575),(163,2562,1,277,163,91,209,163,1250),(164,4770,3,216,164,181,157,164,1130),(165,4893,1,382,165,100,2,165,295),(166,3643,2,332,166,75,204,166,670),(167,2775,2,195,167,117,267,167,840),(168,1406,2,102,168,214,217,168,890),(169,1108,1,211,169,18,37,169,1630),(170,2532,4,302,170,68,184,170,620),(171,3159,1,322,171,296,67,171,1305),(172,3727,4,149,172,72,160,172,1410),(173,1387,4,173,173,286,229,173,1225),(174,3102,1,228,174,142,166,174,475),(175,3403,5,273,175,288,42,175,1290),(176,2882,5,346,176,136,214,176,1520),(177,1151,3,333,177,90,290,177,1370),(178,3677,1,139,178,149,41,178,1195),(179,4383,3,202,179,174,49,179,1350),(180,4870,3,217,180,255,53,180,740),(181,1011,3,352,181,50,26,181,205),(182,3685,5,113,182,274,1,182,1430),(183,3025,4,141,183,21,248,183,410),(184,3174,2,164,184,87,169,184,745),(185,4833,4,203,185,88,142,185,1460),(186,3710,3,275,186,277,174,186,760),(187,4882,4,251,187,184,5,187,470),(188,2363,5,150,188,40,57,188,990),(189,3063,2,249,189,294,75,189,1675),(190,1470,3,233,190,204,286,190,1145),(191,2152,3,292,191,134,225,191,1700),(192,4931,4,335,192,103,99,192,605),(193,4897,5,190,193,146,246,193,1140),(194,4751,2,399,194,67,102,194,1635),(195,3400,2,308,195,101,215,195,270),(196,1858,5,133,196,151,88,196,1395),(197,3259,3,223,197,218,137,197,675),(198,1711,2,388,198,269,258,198,1590),(199,1177,3,131,199,23,289,199,1450),(200,4453,3,318,200,120,249,200,875),(201,2487,1,279,201,300,151,201,1060),(202,3864,1,229,202,36,263,202,1685),(203,2445,2,159,203,195,86,203,1340),(204,3745,1,314,204,258,59,204,730),(205,4165,2,326,205,141,206,205,1065),(206,1454,3,270,206,25,121,206,1605),(207,1293,5,144,207,108,172,207,845),(208,2940,1,140,208,198,110,208,215),(209,2235,5,390,209,235,178,209,1240),(210,4987,3,287,210,97,144,210,665),(211,4305,5,142,211,252,35,211,1665),(212,2329,4,340,212,13,259,212,1105),(213,3484,3,254,213,64,39,213,550),(214,3755,2,167,214,6,153,214,1535),(215,3649,2,239,215,177,163,215,1345),(216,4476,5,201,216,179,156,216,625),(217,4417,3,355,217,107,122,217,1610),(218,3585,3,261,218,289,93,218,1645),(219,1842,2,368,219,247,193,219,940),(220,3170,2,215,220,264,220,220,1015),(221,3091,2,356,221,242,118,221,380),(222,3283,2,157,222,157,22,222,1690),(223,4660,2,197,223,132,152,223,820),(224,3880,5,325,224,28,232,224,1205),(225,4393,4,238,225,43,155,225,340),(226,3872,4,291,226,30,65,226,1075),(227,3292,3,296,227,63,29,227,1335),(228,4860,2,367,228,125,251,228,1310),(229,1048,1,286,229,262,45,229,490),(230,1319,2,253,230,78,114,230,960),(231,1610,1,116,231,257,127,231,680),(232,4696,5,135,232,57,143,232,725),(233,1804,3,338,233,61,261,233,615),(234,4662,2,362,234,145,208,234,455),(235,4720,5,397,235,171,268,235,1255),(236,2437,2,301,236,109,256,236,1300),(237,2558,1,226,237,163,158,237,630),(238,4088,4,257,238,59,283,238,790),(239,4563,2,315,239,42,28,239,285),(240,4962,2,311,240,116,149,240,1440),(241,1340,2,181,241,241,48,241,1475),(242,1700,5,353,242,236,63,242,1585),(243,2349,4,221,243,106,134,243,1510),(244,1878,3,379,244,53,201,244,1465),(245,2167,5,269,245,10,50,245,1100),(246,2864,3,313,246,183,279,246,1085),(247,3859,4,120,247,77,195,247,260),(248,2346,4,392,248,227,52,248,1050),(249,1565,2,378,249,164,92,249,220),(250,1350,5,339,250,231,89,250,1215),(251,1362,4,330,251,283,192,251,1325),(252,3599,5,126,252,159,148,252,1095),(253,3786,2,115,253,196,210,253,1070),(254,1512,4,196,254,70,13,254,450),(255,3998,1,143,255,165,79,255,750),(256,4739,1,168,256,226,113,256,855),(257,2361,5,342,257,131,239,257,1565),(258,1916,3,209,258,273,295,258,485),(259,4817,1,391,259,143,266,259,1390),(260,3277,2,283,260,3,170,260,315),(261,3803,3,188,261,229,181,261,1695),(262,2188,5,274,262,175,272,262,1275),(263,1790,2,112,263,207,253,263,1380),(264,2718,3,236,264,1,236,264,1175),(265,1675,5,295,265,272,194,265,785),(266,4047,2,331,266,49,211,266,1540),(267,2909,4,166,267,34,135,267,795),(268,4854,5,210,268,203,223,268,1000),(269,4616,1,360,269,263,264,269,335),(270,3963,4,364,270,221,20,270,915),(271,2215,5,336,271,225,247,271,290),(272,4337,2,386,272,162,300,272,910),(273,2243,1,358,273,281,106,273,375),(274,4552,5,218,274,191,284,274,1405),(275,2128,5,179,275,282,12,275,1045),(276,2462,3,248,276,224,198,276,1360),(277,3377,1,189,277,213,241,277,590),(278,3857,1,299,278,102,125,278,1120),(279,3298,5,183,279,47,58,279,430),(280,4165,5,125,280,9,138,280,575),(281,2254,2,220,281,110,287,281,1055),(282,3821,1,192,282,130,224,282,525),(283,4376,2,247,283,160,235,283,1330),(284,2286,3,245,284,8,132,284,710),(285,2390,2,351,285,89,55,285,385),(286,4575,3,334,286,83,98,286,1315),(287,3967,3,371,287,123,292,287,1265),(288,3340,4,129,288,251,240,288,1180),(289,4412,5,151,289,65,117,289,1505),(290,1869,5,243,290,113,101,290,1125),(291,4381,5,232,291,69,7,291,775),(292,4654,4,101,292,52,36,292,1165),(293,4414,4,357,293,24,21,293,495),(294,2543,3,377,294,182,119,294,1400),(295,3086,5,111,295,112,126,295,1020),(296,1554,5,394,296,135,199,296,1570),(297,2769,2,369,297,154,291,297,445),(298,3410,3,384,298,95,222,298,900),(299,4618,2,320,299,217,95,299,515),(300,1570,2,200,300,215,40,300,565);
/*!40000 ALTER TABLE `Reservation` ENABLE KEYS */;
UNLOCK TABLES;

--
-- Table structure for table `service`
--

DROP TABLE IF EXISTS `service`;
/*!40101 SET @saved_cs_client     = @@character_set_client */;
/*!50503 SET character_set_client = utf8mb4 */;
CREATE TABLE `service` (
  `ID_service` int NOT NULL,
  `Service_additionnel` varchar(19) DEFAULT NULL,
  PRIMARY KEY (`ID_service`)
) ENGINE=InnoDB DEFAULT CHARSET=utf8mb4 COLLATE=utf8mb4_0900_ai_ci;
/*!40101 SET character_set_client = @saved_cs_client */;

--
-- Dumping data for table `service`
--

LOCK TABLES `service` WRITE;
/*!40000 ALTER TABLE `service` DISABLE KEYS */;
INSERT INTO `service` VALUES (1,'Excursions'),(2,'Excursions'),(3,'Location de voiture'),(4,'Petit déjeuner'),(5,'Excursions'),(6,'Piscine chauffée'),(7,'Parking'),(8,'Salle de sport'),(9,'Location de voiture'),(10,'Piscine chauffée'),(11,'Salle de sport'),(12,'Wi-Fi gratuit'),(13,'Guide touristique'),(14,'Salle de sport'),(15,'Guide touristique'),(16,'Petit déjeuner'),(17,'Petit déjeuner'),(18,'Salle de sport'),(19,'Navette aéroport'),(20,'Guide touristique'),(21,'Petit déjeuner'),(22,'Navette aéroport'),(23,'Guide touristique'),(24,'Parking'),(25,'Excursions'),(26,'Salle de sport'),(27,'Spa'),(28,'Wi-Fi gratuit'),(29,'Salle de sport'),(30,'Excursions'),(31,'Excursions'),(32,'Piscine chauffée'),(33,'Navette aéroport'),(34,'Petit déjeuner'),(35,'Petit déjeuner'),(36,'Wi-Fi gratuit'),(37,'Location de voiture'),(38,'Parking'),(39,'Navette aéroport'),(40,'Piscine chauffée'),(41,'Navette aéroport'),(42,'Petit déjeuner'),(43,'Location de voiture'),(44,'Spa'),(45,'Spa'),(46,'Wi-Fi gratuit'),(47,'Excursions'),(48,'Piscine chauffée'),(49,'Navette aéroport'),(50,'Navette aéroport'),(51,'Excursions'),(52,'Location de voiture'),(53,'Location de voiture'),(54,'Excursions'),(55,'Wi-Fi gratuit'),(56,'Piscine chauffée'),(57,'Petit déjeuner'),(58,'Petit déjeuner'),(59,'Wi-Fi gratuit'),(60,'Location de voiture'),(61,'Piscine chauffée'),(62,'Navette aéroport'),(63,'Location de voiture'),(64,'Excursions'),(65,'Guide touristique'),(66,'Salle de sport'),(67,'Piscine chauffée'),(68,'Guide touristique'),(69,'Spa'),(70,'Parking'),(71,'Guide touristique'),(72,'Spa'),(73,'Parking'),(74,'Piscine chauffée'),(75,'Parking'),(76,'Petit déjeuner'),(77,'Navette aéroport'),(78,'Location de voiture'),(79,'Guide touristique'),(80,'Spa'),(81,'Spa'),(82,'Spa'),(83,'Guide touristique'),(84,'Spa'),(85,'Location de voiture'),(86,'Wi-Fi gratuit'),(87,'Spa'),(88,'Navette aéroport'),(89,'Wi-Fi gratuit'),(90,'Parking'),(91,'Petit déjeuner'),(92,'Piscine chauffée'),(93,'Navette aéroport'),(94,'Location de voiture'),(95,'Guide touristique'),(96,'Guide touristique'),(97,'Petit déjeuner'),(98,'Spa'),(99,'Guide touristique'),(100,'Petit déjeuner'),(101,'Salle de sport'),(102,'Spa'),(103,'Petit déjeuner'),(104,'Parking'),(105,'Piscine chauffée'),(106,'Location de voiture'),(107,'Spa'),(108,'Wi-Fi gratuit'),(109,'Piscine chauffée'),(110,'Wi-Fi gratuit'),(111,'Navette aéroport'),(112,'Excursions'),(113,'Parking'),(114,'Parking'),(115,'Salle de sport'),(116,'Wi-Fi gratuit'),(117,'Wi-Fi gratuit'),(118,'Location de voiture'),(119,'Salle de sport'),(120,'Parking'),(121,'Wi-Fi gratuit'),(122,'Salle de sport'),(123,'Guide touristique'),(124,'Piscine chauffée'),(125,'Navette aéroport'),(126,'Spa'),(127,'Guide touristique'),(128,'Parking'),(129,'Navette aéroport'),(130,'Location de voiture'),(131,'Location de voiture'),(132,'Salle de sport'),(133,'Navette aéroport'),(134,'Petit déjeuner'),(135,'Wi-Fi gratuit'),(136,'Location de voiture'),(137,'Parking'),(138,'Guide touristique'),(139,'Piscine chauffée'),(140,'Spa'),(141,'Parking'),(142,'Navette aéroport'),(143,'Guide touristique'),(144,'Wi-Fi gratuit'),(145,'Excursions'),(146,'Wi-Fi gratuit'),(147,'Location de voiture'),(148,'Excursions'),(149,'Salle de sport'),(150,'Salle de sport'),(151,'Location de voiture'),(152,'Excursions'),(153,'Excursions'),(154,'Wi-Fi gratuit'),(155,'Petit déjeuner'),(156,'Parking'),(157,'Guide touristique'),(158,'Piscine chauffée'),(159,'Salle de sport'),(160,'Salle de sport'),(161,'Piscine chauffée'),(162,'Navette aéroport'),(163,'Parking'),(164,'Wi-Fi gratuit'),(165,'Parking'),(166,'Guide touristique'),(167,'Excursions'),(168,'Parking'),(169,'Piscine chauffée'),(170,'Spa'),(171,'Piscine chauffée'),(172,'Parking'),(173,'Salle de sport'),(174,'Excursions'),(175,'Parking'),(176,'Excursions'),(177,'Guide touristique'),(178,'Petit déjeuner'),(179,'Wi-Fi gratuit'),(180,'Wi-Fi gratuit'),(181,'Parking'),(182,'Salle de sport'),(183,'Petit déjeuner'),(184,'Spa'),(185,'Excursions'),(186,'Guide touristique'),(187,'Guide touristique'),(188,'Parking'),(189,'Parking'),(190,'Spa'),(191,'Navette aéroport'),(192,'Spa'),(193,'Location de voiture'),(194,'Parking'),(195,'Petit déjeuner'),(196,'Piscine chauffée'),(197,'Piscine chauffée'),(198,'Wi-Fi gratuit'),(199,'Guide touristique'),(200,'Salle de sport'),(201,'Excursions'),(202,'Spa'),(203,'Guide touristique'),(204,'Salle de sport'),(205,'Wi-Fi gratuit'),(206,'Petit déjeuner'),(207,'Location de voiture'),(208,'Excursions'),(209,'Guide touristique'),(210,'Parking'),(211,'Navette aéroport'),(212,'Navette aéroport'),(213,'Petit déjeuner'),(214,'Parking'),(215,'Petit déjeuner'),(216,'Wi-Fi gratuit'),(217,'Piscine chauffée'),(218,'Petit déjeuner'),(219,'Piscine chauffée'),(220,'Spa'),(221,'Excursions'),(222,'Piscine chauffée'),(223,'Petit déjeuner'),(224,'Salle de sport'),(225,'Excursions'),(226,'Petit déjeuner'),(227,'Navette aéroport'),(228,'Wi-Fi gratuit'),(229,'Spa'),(230,'Parking'),(231,'Salle de sport'),(232,'Wi-Fi gratuit'),(233,'Salle de sport'),(234,'Excursions'),(235,'Spa'),(236,'Salle de sport'),(237,'Guide touristique'),(238,'Spa'),(239,'Petit déjeuner'),(240,'Excursions'),(241,'Navette aéroport'),(242,'Excursions'),(243,'Spa'),(244,'Spa'),(245,'Location de voiture'),(246,'Spa'),(247,'Salle de sport'),(248,'Guide touristique'),(249,'Guide touristique'),(250,'Petit déjeuner'),(251,'Salle de sport'),(252,'Excursions'),(253,'Parking'),(254,'Piscine chauffée'),(255,'Piscine chauffée'),(256,'Navette aéroport'),(257,'Navette aéroport'),(258,'Excursions'),(259,'Petit déjeuner'),(260,'Navette aéroport'),(261,'Salle de sport'),(262,'Navette aéroport'),(263,'Salle de sport'),(264,'Location de voiture'),(265,'Spa'),(266,'Petit déjeuner'),(267,'Spa'),(268,'Excursions'),(269,'Salle de sport'),(270,'Parking'),(271,'Piscine chauffée'),(272,'Wi-Fi gratuit'),(273,'Parking'),(274,'Wi-Fi gratuit'),(275,'Guide touristique'),(276,'Wi-Fi gratuit'),(277,'Petit déjeuner'),(278,'Excursions'),(279,'Navette aéroport'),(280,'Petit déjeuner'),(281,'Wi-Fi gratuit'),(282,'Salle de sport'),(283,'Wi-Fi gratuit'),(284,'Spa'),(285,'Location de voiture'),(286,'Petit déjeuner'),(287,'Salle de sport'),(288,'Piscine chauffée'),(289,'Salle de sport'),(290,'Excursions'),(291,'Parking'),(292,'Guide touristique'),(293,'Piscine chauffée'),(294,'Location de voiture'),(295,'Excursions'),(296,'Location de voiture'),(297,'Parking'),(298,'Parking'),(299,'Navette aéroport'),(300,'Parking');
/*!40000 ALTER TABLE `service` ENABLE KEYS */;
UNLOCK TABLES;
/*!40103 SET TIME_ZONE=@OLD_TIME_ZONE */;

/*!40101 SET SQL_MODE=@OLD_SQL_MODE */;
/*!40014 SET FOREIGN_KEY_CHECKS=@OLD_FOREIGN_KEY_CHECKS */;
/*!40014 SET UNIQUE_CHECKS=@OLD_UNIQUE_CHECKS */;
/*!40101 SET CHARACTER_SET_CLIENT=@OLD_CHARACTER_SET_CLIENT */;
/*!40101 SET CHARACTER_SET_RESULTS=@OLD_CHARACTER_SET_RESULTS */;
/*!40101 SET COLLATION_CONNECTION=@OLD_COLLATION_CONNECTION */;
/*!40111 SET SQL_NOTES=@OLD_SQL_NOTES */;

-- Dump completed on 2025-01-24 17:22:33
